<?xml version="1.0" encoding="UTF-8"?>
<config>
    <!-- ICON_SIGNAL_LEVEL-->
    <signal>
        <enable>1</enable>
    	<sx>9</sx>
        <sy>66</sy>
        <height>10</height>
        <width>9</width>
        <size>20</size>
        <priority>0</priority>
        <bmp_current>0</bmp_current>
        <bmp_total>6</bmp_total>
        <code>0</code>
        <bitmap>
		<frame>0xFF,0x80,0xFF,0x80,0xFF,0x80,0xFF,0x80,0xFF,0x80,0xFF,0x80,0xFF,0x80,0xFF,0x80,
0xFF,0x80,0xFF,0x80,</frame>
		<frame>0xFF,0x80,0xFF,0x80,0xFF,0x80,0xFF,0x80,0xFF,0x80,0xFF,0x80,0xFF,0x80,0xFF,0x80,
0x7F,0x80,0x7F,0x80,</frame>
		<frame>0xFF,0x80,0xFF,0x80,0xFF,0x80,0xFF,0x80,0xFF,0x80,0xFF,0x80,0xDF,0x80,0xDF,0x80,
0x5F,0x80,0x5F,0x80,</frame>
		<frame>0xFF,0x80,0xFF,0x80,0xFF,0x80,0xFF,0x80,0xF7,0x80,0xF7,0x80,0xD7,0x80,0xD7,0x80,
0x57,0x80,0x57,0x80,</frame>
		<frame>0xFF,0x80,0xFF,0x80,0xFD,0x80,0xFD,0x80,0xF5,0x80,0xF5,0x80,0xD5,0x80,0xD5,0x80,
0x55,0x80,0x55,0x80,</frame>
		<frame>0xFF,0x00,0xFF,0x00,0xFD,0x00,0xFD,0x00,0xF5,0x00,0xF5,0x00,0xD5,0x00,0xD5,0x00,
0x55,0x00,0x55,0x00,</frame>
	</bitmap>
    </signal>
    
    <!-- ICON_WIFI_SIGNAL-->
    <wifi_signal>
        <enable>1</enable>
    	<sx>7</sx>
        <sy>64</sy>
        <height>13</height>
        <width>14</width>
        <size>26</size>
        <priority>1</priority>
        <bmp_current>0</bmp_current>
        <bmp_total>5</bmp_total>
        <code>0</code>
        <bitmap>
       		<frame>0xFF,0xFC,0xFF,0xFC,0xFF,0xFC,0xFF,0xFC,0xFF,0xFC,0xFF,0xFC,0xFF,0xFC,0xFF,0xFC,
0xFF,0xFC,0xFF,0xFC,0xFF,0xFC,0xFF,0xFC,0xFF,0xFC,</frame>
		<frame>0xFF,0xFC,0xFF,0xFC,0xFF,0xFC,0xFF,0xFC,0xFF,0xFC,0xFF,0xFC,0xFF,0xFC,0xFF,0xFC,
0xFF,0xFC,0xFF,0xFC,0xFC,0xFC,0xFC,0xFC,0xFF,0xFC,</frame>
		<frame>0xFF,0xFC,0xFF,0xFC,0xFF,0xFC,0xFF,0xFC,0xFF,0xFC,0xFF,0xFC,0xFF,0xFC,0xF8,0x7C,
0xF7,0xBC,0xFF,0xFC,0xFC,0xFC,0xFC,0xFC,0xFF,0xFC,</frame>
		<frame>0xFF,0xFC,0xFF,0xFC,0xFF,0xFC,0xFF,0xFC,0xF8,0x7C,0xE7,0x9C,0xDF,0xEC,0xF8,0x7C,
0xF7,0xBC,0xFF,0xFC,0xFC,0xFC,0xFC,0xFC,0xFF,0xFC,</frame>
		<frame>0xFF,0xFC,0xF0,0x3C,0xCF,0xCC,0xBF,0xF4,0x78,0x78,0xE7,0x9C,0xDF,0xEC,0xF8,0x7C,
0xF7,0xBC,0xFF,0xFC,0xFC,0xFC,0xFC,0xFC,0xFF,0xFC,</frame>
	</bitmap>
    </wifi_signal>
    
    <!-- ICON_MESSAGE_NEW -->
    <message>
        <enable>1</enable>
        <sx>80</sx>
        <sy>64</sy>
        <height>14</height>
        <width>23</width>
        <size>42</size>
        <priority>0</priority>
        <bmp_current>0</bmp_current>
        <bmp_total>11</bmp_total> 
        <code>0</code>
        <bitmap>
		<!-- ICON_MESSAGE_NEW -->
        	<frame>0xFF,0xFF,0xFE,0xFF,0xFF,0xFE,0xE0,0x00,0xFE,0xD7,0xFD,0x7E,0xDB,0xFB,0x7E,0xDD,
0xF7,0x7E,0xDE,0xEF,0x7E,0xDE,0x0F,0x7E,0xDD,0xF7,0x7E,0xDB,0xFB,0x7E,0xD7,0xFD,
0x7E,0xE0,0x00,0xFE,0xFF,0xFF,0xFE,0xFF,0xFF,0xFE,</frame>
		<!-- UNREAD_NUMBER_1 -->
		<frame>0xFF,0xFF,0xFE,0xC0,0x01,0xFE,0xAF,0xFA,0xFE,0xB7,0xF6,0xFE,0xBB,0xEE,0xFE,0xBD,
0xDE,0xFE,0xBC,0x1C,0x06,0xBB,0xE8,0x42,0xB7,0xF0,0x42,0xAF,0xF8,0x42,0xC0,0x00,
0x42,0xFF,0xF8,0x42,0xFF,0xFC,0x06,0xFF,0xFF,0xFE,</frame>
		<!-- UNREAD_NUMBER_2 -->
		<frame>0xFF,0xFF,0xFE,0xC0,0x01,0xFE,0xAF,0xFA,0xFE,0xB7,0xF6,0xFE,0xBB,0xEE,0xFE,0xBD,
0xDE,0xFE,0xBC,0x1C,0x06,0xBB,0xE8,0xE2,0xB7,0xF0,0x22,0xAF,0xF8,0xE2,0xC0,0x00,
0x82,0xFF,0xF8,0xE2,0xFF,0xFC,0x06,0xFF,0xFF,0xFE,</frame>
		<!-- UNREAD_NUMBER_3 -->
		<frame>0xFF,0xFF,0xFE,0xC0,0x01,0xFE,0xAF,0xFA,0xFE,0xB7,0xF6,0xFE,0xBB,0xEE,0xFE,0xBD,
0xDE,0xFE,0xBC,0x1C,0x06,0xBB,0xE8,0xE2,0xB7,0xF0,0x22,0xAF,0xF8,0xE2,0xC0,0x00,
0x22,0xFF,0xF8,0xE2,0xFF,0xFC,0x06,0xFF,0xFF,0xFE,</frame>
		<!-- UNREAD_NUMBER_4 -->
		<frame>0xFF,0xFF,0xFE,0xC0,0x01,0xFE,0xAF,0xFA,0xFE,0xB7,0xF6,0xFE,0xBB,0xEE,0xFE,0xBD,
0xDE,0xFE,0xBC,0x1C,0x06,0xBB,0xE8,0xA2,0xB7,0xF0,0xA2,0xAF,0xF8,0xE2,0xC0,0x00,
0x22,0xFF,0xF8,0x22,0xFF,0xFC,0x06,0xFF,0xFF,0xFE,</frame>
		<!-- UNREAD_NUMBER_5 -->
		<frame>0xFF,0xFF,0xFE,0xC0,0x01,0xFE,0xAF,0xFA,0xFE,0xB7,0xF6,0xFE,0xBB,0xEE,0xFE,0xBD,
0xDE,0xFE,0xBC,0x1C,0x06,0xBB,0xE8,0xE2,0xB7,0xF0,0x82,0xAF,0xF8,0xE2,0xC0,0x00,
0x22,0xFF,0xF8,0xE2,0xFF,0xFC,0x06,0xFF,0xFF,0xFE,</frame>
		<!-- UNREAD_NUMBER_6 -->
		<frame>0xFF,0xFF,0xFE,0xC0,0x01,0xFE,0xAF,0xFA,0xFE,0xB7,0xF6,0xFE,0xBB,0xEE,0xFE,0xBD,
0xDE,0xFE,0xBC,0x1C,0x06,0xBB,0xE8,0xE2,0xB7,0xF0,0x82,0xAF,0xF8,0xE2,0xC0,0x00,
0xA2,0xFF,0xF8,0xE2,0xFF,0xFC,0x06,0xFF,0xFF,0xFE,</frame>
		<!-- UNREAD_NUMBER_7 -->
		<frame>0xFF,0xFF,0xFE,0xC0,0x01,0xFE,0xAF,0xFA,0xFE,0xB7,0xF6,0xFE,0xBB,0xEE,0xFE,0xBD,
0xDE,0xFE,0xBC,0x1C,0x06,0xBB,0xE8,0xE2,0xB7,0xF0,0xA2,0xAF,0xF8,0x22,0xC0,0x00,
0x22,0xFF,0xF8,0x22,0xFF,0xFC,0x06,0xFF,0xFF,0xFE,</frame>
		<!-- UNREAD_NUMBER_8 -->
		<frame>0xFF,0xFF,0xFE,0xC0,0x01,0xFE,0xAF,0xFA,0xFE,0xB7,0xF6,0xFE,0xBB,0xEE,0xFE,0xBD,
0xDE,0xFE,0xBC,0x1C,0x06,0xBB,0xE8,0xE2,0xB7,0xF0,0xA2,0xAF,0xF8,0xE2,0xC0,0x00,
0xA2,0xFF,0xF8,0xE2,0xFF,0xFC,0x06,0xFF,0xFF,0xFE,</frame>
		<!-- UNREAD_NUMBER_9 -->
		<frame>0xFF,0xFF,0xFE,0xC0,0x01,0xFE,0xAF,0xFA,0xFE,0xB7,0xF6,0xFE,0xBB,0xEE,0xFE,0xBD,
0xDE,0xFE,0xBC,0x1C,0x06,0xBB,0xE8,0xE2,0xB7,0xF0,0xA2,0xAF,0xF8,0xE2,0xC0,0x00,
0x22,0xFF,0xF8,0xE2,0xFF,0xFC,0x06,0xFF,0xFF,0xFE,</frame>
		<!-- UNREAD_NUMBER_MORE -->
		<frame>0xFF,0xFF,0xFE,0xC0,0x01,0xFE,0xAF,0xFA,0xFE,0xB7,0xF6,0xFE,0xBB,0xEE,0xFE,0xBD,
0xDE,0xFE,0xBC,0x1C,0x06,0xBB,0xEB,0x82,0xB7,0xF2,0x92,0xAF,0xFB,0xBA,0xC0,0x00,
0x92,0xFF,0xFB,0x82,0xFF,0xFC,0x06,0xFF,0xFF,0xFE,</frame>
		</bitmap>
    </message>
    
    <!-- ICON_WLAN_OPEN -->
    <wlan>
        <enable>1</enable>
    	<sx>50</sx>
        <sy>64</sy>
        <code>0</code>
        <height>13</height>
        <width>18</width>
        <size>39</size>
        <priority>0</priority>
        <bmp_current>0</bmp_current>
        <bmp_total>1</bmp_total> 
        <bitmap>
            <frame>0xFF,0xFF,0xFF,0xFF,0xFF,0xFF,0xFF,0xFF,0xFF,0x00,0x00,0x3F,0x01,0x3E,0xBF,0x54,
0x23,0xBF,0x55,0x2E,0xBF,0x6D,0x22,0xBF,0x29,0x2E,0xBF,0x29,0x2E,0xBF,0x00,0x00,
0x3F,0xFF,0xFF,0xFF,0xFF,0xFF,0xFF,</frame>
        </bitmap>
    </wlan>
    
  <!-- ICON_WLAN_OPEN -->
  <wifi_band_5g>
    <enable>1</enable>
    <sx>69</sx>
    <sy>64</sy>
    <code>0</code>
    <height>6</height>
    <width>10</width>
    <size>12</size>
    <priority>0</priority>
    <bmp_current>0</bmp_current>
    <bmp_total>1</bmp_total>
    <bitmap>
      <frame>
      0xFF,0xC0,0x19,0xC0,0x77,0xC0,0x14,0xC0,0xD6,0xC0,0x18,0xC0,</frame>
    </bitmap>
  </wifi_band_5g>
  
    <!-- ICON_WLAN_USERS_NUMBER -->
    <wifi_users>
        <enable>1</enable>
    	<sx>69</sx>
        <sy>70</sy>
        <code>0</code>
        <height>7</height>
        <width>9</width>
        <size>14</size>
        <priority>0</priority>
        <bmp_current>0</bmp_current>
        <bmp_total>11</bmp_total> 
        <bitmap>
            <!-- WIFI_USER_0 -->
            <frame>0xFF,0xFF,0xE3,0xFF,0xEB,0xFF,0xEB,0xFF,0xEB,0xFF,0xE3,0xFF,0xFF,0xFF,</frame> 
            <!-- WIFI_USER_1 -->
            <frame>0xFF,0xFF,0xE7,0xFF,0xF7,0xFF,0xF7,0xFF,0xF7,0xFF,0xF7,0xFF,0xFF,0xFF,</frame>
            <!-- WIFI_USER_2 -->
            <frame>0xFF,0xFF,0xE3,0xFF,0xFB,0xFF,0xFB,0xFF,0xF7,0xFF,0xE3,0xFF,0xFF,0xFF,</frame>
            <!-- WIFI_USER_3 -->
            <frame>0xFF,0xFF,0xE3,0xFF,0xFB,0xFF,0xF3,0xFF,0xFB,0xFF,0xE3,0xFF,0xFF,0xFF,</frame>
            <!-- WIFI_USER_4 -->
            <frame>0xFF,0xFF,0xFB,0xFF,0xF3,0xFF,0xEB,0xFF,0xE3,0xFF,0xFB,0xFF,0xFF,0xFF,</frame>
            <!-- WIFI_USER_5 -->
            <frame>0xFF,0xFF,0xE3,0xFF,0xEF,0xFF,0xE3,0xFF,0xFB,0xFF,0xE3,0xFF,0xFF,0xFF,</frame>
            <!-- WIFI_USER_6 -->
            <frame>0xFF,0xFF,0xF3,0xFF,0xEF,0xFF,0xE3,0xFF,0xEB,0xFF,0xE3,0xFF,0xFF,0xFF,</frame>
            <!-- WIFI_USER_7 -->
            <frame>0xFF,0xFF,0xE3,0xFF,0xFB,0xFF,0xF7,0xFF,0xF7,0xFF,0xF7,0xFF,0xFF,0xFF,</frame>
            <!-- WIFI_USER_8 -->
            <frame>0xFF,0xFF,0xE3,0xFF,0xEB,0xFF,0xE3,0xFF,0xEB,0xFF,0xE3,0xFF,0xFF,0xFF,</frame>
            <!-- WIFI_USER_9 -->
            <frame>0xFF,0xFF,0xE3,0xFF,0xEB,0xFF,0xE3,0xFF,0xFB,0xFF,0xE7,0xFF,0xFF,0xFF,</frame>
            <!-- WIFI_USER_10 -->
            <frame>0xFF,0xFF,0x98,0xFF,0xDA,0xFF,0xDA,0xFF,0xDA,0xFF,0xD8,0xFF,0xFF,0xFF,</frame>
        </bitmap>
    </wifi_users>
    
    <!-- ICON_EXTERNAL_POWER -->
    <external_power>
        <enable>0</enable>
        <sx>0</sx>
        <sy>0</sy>
        <code>0</code>
        <height>0</height>
        <width>0</width>
        <size>0</size>
        <bitmap>0x0</bitmap> 
    </external_power>
    
    <!-- ICON_BATTERY_LEVEL -->
    <battery_level>
        <enable>1</enable>
    	<sx>105</sx>
        <sy>64</sy>
        <code>0</code>
        <height>13</height>
        <width>17</width>
        <size>39</size>
        <priority>0</priority>
        <bmp_current>0</bmp_current>
        <bmp_total>5</bmp_total>
        <bitmap>
		<frame>0xFF,0xFF,0xFF,0xFF,0xFF,0xFF,0xC0,0x00,0x7F,0xCF,0xFE,0x7F,0xDF,0xFF,0x7F,0x1F,
0xFF,0x7F,0x1F,0xFF,0x7F,0x1F,0xFF,0x7F,0x1F,0xFF,0x7F,0xDF,0xFF,0x7F,0xCF,0xFE,
0x7F,0xC0,0x00,0x7F,0xFF,0xFF,0xFF,</frame>
		<frame>0xFF,0xFF,0xFF,0xFF,0xFF,0xFF,0xC0,0x00,0x7F,0xCF,0xFE,0x7F,0xDF,0xF9,0x7F,0x1F,
0xF9,0x7F,0x1F,0xF9,0x7F,0x1F,0xF9,0x7F,0x1F,0xF9,0x7F,0xDF,0xF9,0x7F,0xCF,0xFE,
0x7F,0xC0,0x00,0x7F,0xFF,0xFF,0xFF,</frame>
		<frame>0xFF,0xFF,0xFF,0xFF,0xFF,0xFF,0xC0,0x00,0x7F,0xCF,0xFE,0x7F,0xDF,0xC9,0x7F,0x1F,
0xC9,0x7F,0x1F,0xC9,0x7F,0x1F,0xC9,0x7F,0x1F,0xC9,0x7F,0xDF,0xC9,0x7F,0xCF,0xFE,
0x7F,0xC0,0x00,0x7F,0xFF,0xFF,0xFF,</frame>
		<frame>0xFF,0xFF,0xFF,0xFF,0xFF,0xFF,0xC0,0x00,0x7F,0xCF,0xFE,0x7F,0xDE,0x49,0x7F,0x1E,
0x49,0x7F,0x1E,0x49,0x7F,0x1E,0x49,0x7F,0x1E,0x49,0x7F,0xDE,0x49,0x7F,0xCF,0xFE,
0x7F,0xC0,0x00,0x7F,0xFF,0xFF,0xFF,</frame>
		<frame>0xFF,0xFF,0xFF,0xFF,0xFF,0xFF,0xC0,0x00,0x7F,0xCF,0xFE,0x7F,0xD2,0x49,0x7F,0x12,
0x49,0x7F,0x12,0x49,0x7F,0x12,0x49,0x7F,0x12,0x49,0x7F,0xD2,0x49,0x7F,0xCF,0xFE,
0x7F,0xC0,0x00,0x7F,0xFF,0xFF,0xFF,</frame>
        </bitmap>
    </battery_level>
    
    <!-- ICON_NETWORK_MODE -->
    <mode_type>
        <enable>1</enable>
    	<sx>18</sx>
        <sy>66</sy>
        <code>0</code>
        <height>10</height>
        <width>14</width>
        <size>20</size>
        <priority>0</priority>
        <bmp_current>0</bmp_current>
        <bmp_total>14</bmp_total> 
        <bitmap>
            <!-- NETWORT_TYPE_GSM -->
            <frame>0xFF,0xFF,0xFF,0xFF,0xE1,0xC7,0xCC,0x93,0xFC,0x3F,0xF9,0x23,0xF3,0x3B,0xE7,0x93,
0xC0,0xC7,0xFF,0xFF,</frame>
            <!-- NETWORT_TYPE_GPRS -->
            <frame>0xFF,0xFF,0xFF,0xFF,0xE1,0xC7,0xCC,0x93,0xFC,0x3F,0xF9,0x23,0xF3,0x3B,0xE7,0x93,
0xC0,0xC7,0xFF,0xFF,</frame>
            <!-- NETWORT_TYPE_EDGE -->
            <frame>0xFF,0xFF,0xFF,0xFF,0xE1,0xC7,0xCC,0x93,0xFC,0x3F,0xF9,0x23,0xF3,0x3B,0xE7,0x93,
0xC0,0xC7,0xFF,0xFF,</frame>
            <!-- NETWORT_TYPE_WCDMA -->
            <frame>0xFF,0xFF,0xFF,0xFF,0xE1,0xC7,0xDC,0x93,0xFC,0x3F,0xF1,0x23,0xFC,0x3B,0xDC,0x93,
0xE1,0xC7,0xFF,0xFF,</frame>
            <!-- NETWORT_TYPE_HSDPA -->
            <frame>0xFF,0xFF,0xFF,0xFF,0xE1,0xC7,0xDC,0x93,0xFC,0x3F,0xF1,0x23,0xFC,0x3B,0xDC,0x93,
0xE1,0xC7,0xFF,0xFF,</frame>
            <!-- NETWORT_TYPE_HSUPA -->
            <frame>0xFF,0xFF,0xFF,0xFF,0xE1,0xC7,0xDC,0x93,0xFC,0x3F,0xF1,0x23,0xFC,0x3B,0xDC,0x93,
0xE1,0xC7,0xFF,0xFF,</frame>
            <!-- NETWORT_TYPE_HSPA -->
            <frame>0xFF,0xFF,0xFF,0xFF,0xE1,0xC7,0xDC,0x93,0xFC,0x3F,0xF1,0x23,0xFC,0x3B,0xDC,0x93,
0xE1,0xC7,0xFF,0xFF,</frame>
            <!-- NETWORT_TYPE_TDSCDMA -->
            <frame>0xFF,0xFF,0xFF,0xFF,0xE1,0xC7,0xDC,0x93,0xFC,0x3F,0xF1,0x23,0xFC,0x3B,0xDC,0x93,
0xE1,0xC7,0xFF,0xFF,</frame>
            <!-- NETWORT_TYPE_HSPA_PLUS -->
            <frame>0xFF,0xFF,0xFF,0xFF,0xE1,0xC7,0xDC,0x93,0xFC,0x3F,0xF1,0x23,0xFC,0x3B,0xDC,0x93,
0xE1,0xC7,0xFF,0xFF,</frame>
            <!-- NETWORT_TYPE_EVDO_REV_0 -->
            <frame>0xFF,0xFF,0xFF,0xFF,0xE1,0xC7,0xDC,0x93,0xFC,0x3F,0xF1,0x23,0xFC,0x3B,0xDC,0x93,
0xE1,0xC7,0xFF,0xFF,</frame>
            <!-- NETWORT_TYPE_EVDO_REV_A -->
            <frame>0xFF,0xFF,0xFF,0xFF,0xE1,0xC7,0xDC,0x93,0xFC,0x3F,0xF1,0x23,0xFC,0x3B,0xDC,0x93,
0xE1,0xC7,0xFF,0xFF,</frame>
            <!-- NETWORT_TYPE_EVDO_REV_B -->
            <frame>0xFF,0xFF,0xFF,0xFF,0xE1,0xC7,0xDC,0x93,0xFC,0x3F,0xF1,0x23,0xFC,0x3B,0xDC,0x93,
0xE1,0xC7,0xFF,0xFF,</frame>
            <!-- NETWORT_TYPE_LTE -->
            <frame>0xFF,0xFF,0xFF,0xFF,0xF1,0xC7,0xE9,0x93,0xE9,0x3F,0xD9,0x23,0xC0,0x3B,0xF9,0x93,
0xF9,0xC7,0xFF,0xFF,</frame>
            <!-- NETWORT_TYPE_DCHSPA_PLUS -->
            <frame>0xFF,0xFF,0xFF,0xFF,0xE1,0xC7,0xDC,0x93,0xFC,0x3F,0xF1,0x23,0xFC,0x3B,0xDC,0x93,
0xE1,0xC7,0xFF,0xFF,</frame>
        </bitmap>
    </mode_type>
    
    <!-- ICON_WAN_ON  -->
    <wan_on>
        <enable>0</enable>
    	<sx>34</sx>
        <sy>64</sy>
        <code>0</code>
        <height>13</height>
        <width>13</width>
        <size>26</size>
        <priority>0</priority>
        <bmp_current>0</bmp_current>
        <bmp_total>1</bmp_total> 
        <bitmap>
            <frame>0xF8,0xFF,0xE5,0x3F,0xC5,0x9F,0x80,0x0F,0x6D,0xB7,0x6D,0xB7,0x00,0x07,0x6D,0xB7,
0x6D,0xB7,0x80,0x0F,0x8D,0x1F,0xE5,0x3F,0xF0,0x7F,</frame>
        </bitmap>
    </wan_on>
    
   <!-- ICON_WAN_STA_ON   -->
    <wan_sta_on>
        <enable>0</enable>
    	<sx>34</sx>
        <sy>64</sy>
        <code>0</code>
        <height>13</height>
        <width>13</width>
        <size>26</size>
        <priority>0</priority>
        <bmp_current>0</bmp_current>
        <bmp_total>1</bmp_total> 
        <bitmap>
            <frame>0xF8,0xFF,0xE5,0x3F,0xC5,0x9F,0x80,0x0F,0x6D,0xB7,0x6D,0xB7,0x00,0x07,0x6D,0xB7,
0x6D,0xB7,0x80,0x0F,0x8D,0x1F,0xE5,0x3F,0xF0,0x7F,</frame>
        </bitmap>
    </wan_sta_on>
    <!-- ICON_SD_CARD -->
    <sd_card>
        <enable>0</enable>
        <sx>0</sx>
        <sy>0</sy>
        <code>0</code>
        <height>0</height>
        <width>0</width>
        <size>0</size>
        <priority>0</priority>
        <bmp_current>0</bmp_current>
        <bmp_total>1</bmp_total>
        <bitmap>
		<frame>0x0</frame>
		</bitmap> 
    </sd_card>
    
    <!-- ICON_ROAMING_ON  -->
    <roaming>
        <enable>1</enable>
    	<sx>6</sx>
        <sy>66</sy>
        <code>0</code>
        <height>5</height>
        <width>3</width>
        <size>5</size>
        <priority>0</priority>
        <bmp_current>0</bmp_current>
        <bmp_total>1</bmp_total> 
        <bitmap>
            <frame>0x1F,0x5F,0x1F,0x5F,0x5F,</frame>
        </bitmap>
    </roaming>
    
    <!-- ICON_DIAL_MODE  -->
    <dial_mode>
        <enable>0</enable>
        <sx>0</sx>
        <sy>64</sy>
        <code>0</code>
        <height>16</height>
        <width>16</width>
        <size>32</size>
        <priority>0</priority>
        <bmp_current>0</bmp_current>
        <bmp_total>3</bmp_total> 
        <bitmap>
		<frame>0xFF,0xFF,0x80,0x03,0x01,0x01,0x03,0x81,0x03,0x81,0x06,0xC1,0x06,0xC1,0x0C,0x61,
0x0C,0x61,0x18,0x31,0x1F,0xF1,0x3F,0xF9,0x30,0x19,0x60,0x0D,0x60,0x0D,0x80,0x03,</frame>
		<frame>0xFF,0xFF,0xFF,0xFF,0x9F,0xF9,0x8F,0xF1,0x8F,0xF1,0x87,0xE1,0x87,0xE1,0x93,0xC9,
0x93,0xC9,0x99,0x99,0x99,0x99,0x9C,0x39,0x9C,0x39,0x9E,0x79,0x9F,0xF9,0xFF,0xFF,</frame>
		<frame>0xFF,0xFF,0xE0,0x1F,0xE0,0x0F,0xE7,0xC7,0xE7,0xE3,0xE7,0xF3,0xE7,0xF3,0xE7,0xF3,
0xE7,0xF3,0xE7,0xF3,0xE7,0xE3,0xE7,0xC7,0xE0,0x0F,0xE0,0x1F,0xFF,0xFF,0xFF,0xFF,</frame>
		</bitmap>
    </dial_mode>
    
<!-- ICON_UPDATE-->
    <update>
        <enable>0</enable>
        <sx>0</sx>
        <sy>90</sy>
        <height>32</height>
        <width>64</width>
        <size>256</size>
	<priority>8</priority>
	<bmp_current>0</bmp_current>
        <bmp_total>1</bmp_total>
	<code>0</code>
        <bitmap>
		<frame>0xFF,0xFF,0xFF,0xFF,0xFF,0xFF,0xFF,0xFF,0xFF,0xFF,0xFF,0xFF,0xFF,0xFF,0xFF,0xFF,
0xFF,0xFF,0xFF,0xFF,0xFF,0xFF,0xFF,0xFF,0xFF,0xFF,0xFF,0xFF,0xFF,0xFF,0xFF,0xFF,
0xFF,0xFF,0xFF,0xFF,0xFF,0xFF,0xFF,0xFF,0xFF,0xFF,0xFF,0xFF,0xFF,0xFF,0xFF,0xFF,
0xFF,0xFF,0xFF,0xFF,0xFF,0xFF,0xFF,0xFF,0xFF,0xFF,0xFF,0xFF,0xFF,0xFF,0xFF,0xFF,
0xFF,0xFF,0xFF,0xFF,0xFF,0xFF,0xFF,0xFF,0xFF,0xFF,0xFF,0xFF,0xFF,0xFF,0xE7,0xFF,
0xFF,0xFF,0xFF,0xFF,0xFF,0xFF,0x24,0xFF,0xFF,0xFF,0xFF,0xFF,0xFF,0xFF,0x3C,0xFF,
0xFF,0xFF,0xFF,0xFF,0xFF,0xFC,0xFF,0x3F,0xFF,0xFF,0xFF,0xFF,0xFF,0xFC,0xFF,0x3F,
0xFF,0xFF,0xFF,0xFF,0xFF,0xFF,0xFF,0xFF,0xFF,0xFF,0xFF,0xFF,0xFF,0xF9,0xFF,0x9F,
0xFF,0xFF,0xFF,0xFF,0xFF,0xF9,0xFF,0x9F,0xFF,0xFF,0xFF,0xFF,0xFF,0xFF,0xFF,0xFF,
0xFF,0xFF,0xFF,0xFF,0xFF,0xFC,0xFF,0x3F,0xFF,0xFF,0xFF,0xFF,0xFF,0xFC,0xFF,0x3F,
0xFF,0xFF,0xFF,0xFF,0xFF,0xFF,0x3C,0xFF,0xFF,0xFF,0xFF,0xFF,0xFF,0xFF,0x24,0xFF,
0xFF,0xFF,0xFF,0xFF,0xFF,0xFF,0xE7,0xFF,0xFF,0xFF,0xFF,0xFF,0xFF,0xFF,0xFF,0xFF,
0xFF,0xFF,0xFF,0xFF,0xFF,0xFF,0xFF,0xFF,0xFF,0xFF,0xFF,0xFF,0xFF,0xFF,0xFF,0xFF,
0xFF,0xFF,0xFF,0xFF,0xFF,0xFF,0xFF,0xFF,0xFF,0xFF,0xFF,0xFF,0xFF,0xFF,0xFF,0xFF,
0xFF,0xFF,0xFF,0xFF,0xFF,0xFF,0xFF,0xFF,0xFF,0xFF,0xFF,0xFF,0xFF,0xFF,0xFF,0xFF,
0xFF,0xFF,0xFF,0xFF,0xFF,0xFF,0xFF,0xFF,0xFF,0xFF,0xFF,0xFF,0xFF,0xFF,0xFF,0xFF,</frame>
	</bitmap>
    </update>
    
  



    
    <new_soft_line>
        <enable>1</enable>
        <sx>0</sx>
        <sy>82</sy>
        <height>1</height>
        <width>128</width>
        <size>16</size>
        <priority>8</priority>
        <bmp_current>0</bmp_current>
        <bmp_total>1</bmp_total>
        <code>0</code>		
        <bitmap>
		<frame>0x00,0x00,0x00,0x00,0x00,0x00,0x00,0x00,0x00,0x00,0x00,0x00,0x00,0x00,0x00,0x00,</frame>
	</bitmap> 
    </new_soft_line>
                    
    <new_soft_wps>
        <enable>1</enable>
        <sx>20</sx>
        <sy>105</sy>
        <height>19</height>
        <width>19</width>
        <size>57</size>
        <priority>8</priority>
        <bmp_current>0</bmp_current>
        <bmp_total>1</bmp_total>
        <code>0</code>		
        <bitmap>
		<frame>0xFF,0xFF,0xFF,0xFE,0x0F,0xFF,0xF8,0x03,0xFF,0xF0,0x01,0xFF,0xE0,0x00,0xFF,0xC0,
                       0x00,0x7F,0xC0,0x00,0x7F,0x95,0x77,0x3F,0x95,0x54,0x3F,0x9B,0x77,0x3F,0x8A,0x41,
                       0x3F,0x8A,0x47,0x3F,0xC0,0x00,0x7F,0xC0,0x00,0x7F,0xE0,0x00,0xFF,0xF0,0x01,0xFF,
                       0xF8,0x03,0xFF,0xFE,0x0F,0xFF,0xFF,0xFF,0xFF,</frame>
	</bitmap> 
    </new_soft_wps>         
                    
                    
     <new_soft_power>
        <enable>1</enable>
        <sx>20</sx>
        <sy>88</sy>
        <height>19</height>
        <width>19</width>
        <size>57</size>
        <priority>8</priority>
        <bmp_current>0</bmp_current>
        <bmp_total>1</bmp_total>
        <code>0</code>		
        <bitmap>
		<frame>0xFF,0x3F,0xFF,0xFF,0x3F,0xFF,0xFF,0x3F,0xFF,0xF9,0x27,0xFF,0xF1,0x23,0xFF,0xE3,
                       0x31,0xFF,0xC7,0x38,0xFF,0x8F,0xFC,0x7F,0x9F,0xFE,0x7F,0x9F,0xFE,0x7F,0x9F,0xFE,
                       0x7F,0x9F,0xFE,0x7F,0x9F,0xFE,0x7F,0x9F,0xFE,0x7F,0xCF,0xFC,0x7F,0xC7,0xF8,0xFF,
                       0xE3,0xF1,0xFF,0xF0,0x03,0xFF,0xF8,0x07,0xFF,</frame>
	</bitmap> 
    </new_soft_power>      
                    
	<online_update>
        <enable>1</enable>
        <sx>0</sx>
        <sy>64</sy>
        <height>64</height>
        <width>128</width>
        <size>1024</size>
        <priority>30</priority>
        <bmp_current>0</bmp_current>
        <bmp_total>1</bmp_total>
        <code>0</code>		
        <bitmap>
                <frame>0xFF,0xFF,0xFF,0xFF,0xFF,0xFF,0xFF,0xFF,0xFF,0xFF,0xFF,0xFF,0xFF,0xFF,0xFF,0xFF,
				0xFF,0xFF,0xFF,0xFF,0xFF,0xFF,0xFF,0xFF,0xFF,0xFF,0xFF,0xFF,0xFF,0xFF,0xFF,0xFF,
				0xFF,0xFF,0xFF,0xFF,0xFF,0xFF,0xFF,0xFF,0xFF,0xFF,0xFF,0xFF,0xFF,0xFF,0xFF,0xFF,
				0xFF,0xFF,0xFF,0xFF,0xFF,0xFF,0xFF,0xFF,0xFF,0xFF,0xFF,0xFF,0xFF,0xFF,0xFF,0xFF,
				0xFF,0xFF,0xFF,0xFF,0xFF,0xFF,0xFF,0xFF,0xFF,0xFF,0xFF,0xFF,0xFF,0xFF,0xFF,0xFF,
				0xFF,0xFF,0xFF,0xFF,0xFF,0xFF,0xFF,0xFF,0xFF,0xFF,0xFF,0xFF,0xFF,0xFF,0xFF,0xFF,
				0xFF,0xFF,0xFF,0xFF,0xFF,0xF8,0x00,0x00,0x00,0x07,0xFF,0xFF,0xFF,0xFF,0xFF,0xFF,
				0xFF,0xFF,0xFF,0xFF,0xFF,0xE0,0x00,0x00,0x00,0x01,0xFF,0xFF,0xFF,0xFF,0xFF,0xFF,
				0xFF,0xFF,0xFF,0xFF,0xFF,0xC0,0x00,0x00,0x00,0x00,0xFF,0xFF,0xFF,0xFF,0xFF,0xFF,
				0xFF,0xFF,0xFF,0xFF,0xFF,0xC0,0x00,0x00,0x00,0x00,0xFF,0xFF,0xFF,0xFF,0xFF,0xFF,
				0xFF,0xFF,0xFF,0xFF,0xFF,0x80,0x00,0x00,0x00,0x00,0x7F,0xFF,0xFF,0xFF,0xFF,0xFF,
				0xFF,0xFF,0xFF,0xFF,0xFF,0x80,0x00,0x00,0x00,0x00,0x7F,0xFF,0xFF,0xFF,0xFF,0xFF,
				0xFF,0xFF,0xFF,0xFF,0xFF,0x80,0x00,0x00,0x00,0x00,0x7F,0xFF,0xFF,0xFF,0xFF,0xFF,
				0xFF,0xFF,0xFF,0xFF,0xFF,0x80,0x00,0x00,0x00,0x00,0x7F,0xFF,0xFF,0xFF,0xFF,0xFF,
				0xFF,0xFF,0xFF,0xFF,0xFF,0x80,0x00,0x04,0x00,0x00,0x7F,0xFF,0xFF,0xFF,0xFF,0xFF,
				0xFF,0xFF,0xFF,0xFF,0xFF,0x80,0x00,0x0E,0x00,0x00,0x7F,0xFF,0xFF,0xFF,0xFF,0xFF,
				0xFF,0xFF,0xFF,0xFF,0xFF,0x80,0x00,0x1F,0x00,0x00,0x7F,0xFF,0xFF,0xFF,0xFF,0xFF,
				0xFF,0xFF,0xFF,0xFF,0xFF,0x80,0x00,0x3F,0x80,0x00,0x7F,0xFF,0xFF,0xFF,0xFF,0xFF,
				0xFF,0xFF,0xFF,0xFF,0xFF,0x80,0x00,0x7F,0xC0,0x00,0x7F,0xFF,0xFF,0xFF,0xFF,0xFF,
				0xFF,0xFF,0xFF,0xFF,0xFF,0x80,0x00,0xFF,0xE0,0x00,0x7F,0xFF,0xFF,0xFF,0xFF,0xFF,
				0xFF,0xFF,0xFF,0xFF,0xFF,0x80,0x01,0xFF,0xF0,0x00,0x7F,0xFF,0xFF,0xFF,0xFF,0xFF,
				0xFF,0xFF,0xFF,0xFF,0xFF,0x80,0x03,0xFF,0xF8,0x00,0x7F,0xFF,0xFF,0xFF,0xFF,0xFF,
				0xFF,0xFF,0xFF,0xFF,0xFF,0x80,0x07,0xFF,0xFC,0x00,0x7F,0xFF,0xFF,0xFF,0xFF,0xFF,
				0xFF,0xFF,0xFF,0xFF,0xFF,0x80,0x0F,0xFF,0xFE,0x00,0x7F,0xFF,0xFF,0xFF,0xFF,0xFF,
				0xFF,0xFF,0xFF,0xFF,0xFF,0x80,0x1F,0xFF,0xFF,0x00,0x7F,0xFF,0xFF,0xFF,0xFF,0xFF,
				0xFF,0xFF,0xFF,0xFF,0xFF,0x80,0x00,0x1F,0x00,0x00,0x7F,0xFF,0xFF,0xFF,0xFF,0xFF,
				0xFF,0xFF,0xFF,0xFF,0xFF,0x80,0x00,0x1F,0x00,0x00,0x7F,0xFF,0xFF,0xFF,0xFF,0xFF,
				0xFF,0xFF,0xFF,0xFF,0xFF,0x80,0x00,0x1F,0x00,0x00,0x7F,0xFF,0xFF,0xFF,0xFF,0xFF,
				0xFF,0xFF,0xFF,0xFF,0xFF,0x80,0x00,0x1F,0x00,0x00,0x7F,0xFF,0xFF,0xFF,0xFF,0xFF,
				0xFF,0xFF,0xFF,0xFF,0xFF,0x80,0x00,0x1F,0x00,0x00,0x7F,0xFF,0xFF,0xFF,0xFF,0xFF,
				0xFF,0xFF,0xFF,0xFF,0xFF,0x80,0x00,0x1F,0x00,0x00,0x7F,0xFF,0xFF,0xFF,0xFF,0xFF,
				0xFF,0xFF,0xFF,0xFF,0xFF,0x80,0x00,0x1F,0x00,0x00,0x7F,0xFF,0xFF,0xFF,0xFF,0xFF,
				0xFF,0xFF,0xFF,0xFF,0xFF,0x80,0x00,0x1F,0x00,0x00,0x7F,0xFF,0xFF,0xFF,0xFF,0xFF,
				0xFF,0xFF,0xFF,0xFF,0xFF,0x80,0x00,0x1F,0x00,0x00,0x7F,0xFF,0xFF,0xFF,0xFF,0xFF,
				0xFF,0xFF,0xFF,0xFF,0xFF,0x80,0x00,0x1F,0x00,0x00,0x7F,0xFF,0xFF,0xFF,0xFF,0xFF,
				0xFF,0xFF,0xFF,0xFF,0xFF,0x80,0x00,0x1F,0x00,0x00,0x7F,0xFF,0xFF,0xFF,0xFF,0xFF,
				0xFF,0xFF,0xFF,0xFF,0xFF,0x80,0x00,0x1F,0x00,0x00,0x7F,0xFF,0xFF,0xFF,0xFF,0xFF,
				0xFF,0xFF,0xFF,0xFF,0xFF,0x80,0x00,0x1F,0x00,0x00,0x7F,0xFF,0xFF,0xFF,0xFF,0xFF,
				0xFF,0xFF,0xFF,0xFF,0xFF,0x80,0x00,0x1F,0x00,0x00,0x7F,0xFF,0xFF,0xFF,0xFF,0xFF,
				0xFF,0xFF,0xFF,0xFF,0xFF,0x80,0x00,0x00,0x00,0x00,0x7F,0xFF,0xFF,0xFF,0xFF,0xFF,
				0xFF,0xFF,0xFF,0xFF,0xFF,0x80,0x00,0x00,0x00,0x00,0x7F,0xFF,0xFF,0xFF,0xFF,0xFF,
				0xFF,0xFF,0xFF,0xFF,0xFF,0x80,0x00,0x00,0x00,0x00,0x7F,0xFF,0xFF,0xFF,0xFF,0xFF,
				0xFF,0xFF,0xFF,0xFF,0xFF,0xC0,0x00,0x00,0x00,0x00,0xFF,0xFF,0xFF,0xFF,0xFF,0xFF,
				0xFF,0xFF,0xFF,0xFF,0xFF,0xC0,0x00,0x00,0x00,0x00,0xFF,0xFF,0xFF,0xFF,0xFF,0xFF,
				0xFF,0xFF,0xFF,0xFF,0xFF,0xE0,0x00,0x00,0x00,0x01,0xFF,0xFF,0xFF,0xFF,0xFF,0xFF,
				0xFF,0xFF,0xFF,0xFF,0xFF,0xF8,0x00,0x00,0x00,0x07,0xFF,0xFF,0xFF,0xFF,0xFF,0xFF,
				0xFF,0xFF,0xFF,0xFF,0xFF,0xFF,0xFF,0xFF,0xFF,0xFF,0xFF,0xFF,0xFF,0xFF,0xFF,0xFF,
				0xFF,0xFF,0xFF,0xFF,0xFF,0xFF,0xFF,0xFF,0xFF,0xFF,0xFF,0xFF,0xFF,0xFF,0xFF,0xFF,
				0xFF,0xFF,0xFF,0xFF,0xFF,0xFF,0xFF,0xFF,0xFF,0xFF,0xFF,0xFF,0xFF,0xFF,0xFF,0xFF,
				0xFF,0xFF,0xFF,0xFF,0xFF,0xFF,0xFF,0xFF,0xFF,0xFF,0xFF,0xFF,0xFF,0xFF,0xFF,0xFF,
				0xFF,0xFF,0x07,0xFF,0xCE,0x7F,0xDF,0x03,0xFF,0xFF,0xFF,0xFF,0xC3,0xC4,0x7F,0xFF,
				0xFF,0xFF,0x33,0xFF,0xC6,0x7F,0x9F,0x39,0xFF,0xFF,0xFF,0xFF,0x99,0x99,0xFF,0xFF,
				0xFF,0xFF,0x39,0x87,0xC6,0x61,0x0F,0x39,0x86,0x6C,0xC3,0x0F,0x3C,0x00,0xFF,0xFF,
				0xFF,0xFF,0x39,0x33,0xC2,0x4C,0x9F,0x39,0x32,0x44,0x99,0x3F,0x3C,0x99,0xFF,0xFF,
				0xFF,0xFF,0x39,0x33,0xCA,0x4C,0x9F,0x39,0x32,0x44,0x99,0x3F,0x3C,0x99,0xFF,0xFF,
				0xFF,0xFF,0x39,0x33,0xC8,0x4C,0x9F,0x03,0x32,0x54,0x81,0x3F,0x3C,0x99,0xFF,0xFF,
				0xFF,0xFF,0x39,0x33,0xCC,0x4C,0x9F,0x3F,0x33,0x11,0x9F,0x3F,0x3C,0x99,0xFF,0xFF,
				0xFF,0xFF,0x33,0x33,0xCC,0x4C,0x9F,0x3F,0x33,0x11,0x99,0x3F,0x99,0x99,0xFF,0xFF,
				0xFF,0xFF,0x07,0x87,0xCE,0x61,0xCF,0x3F,0x87,0x39,0xC3,0x3F,0xC3,0x99,0xFF,0xFF,
				0xFF,0xFF,0xFF,0xFF,0xFF,0xFF,0xFF,0xFF,0xFF,0xFF,0xFF,0xFF,0xFF,0xFF,0xFF,0xFF,
				0xFF,0xFF,0xFF,0xFF,0xFF,0xFF,0xFF,0xFF,0xFF,0xFF,0xFF,0xFF,0xFF,0xFF,0xFF,0xFF,
				0xFF,0xFF,0xFF,0xFF,0xFF,0xFF,0xFF,0xFF,0xFF,0xFF,0xFF,0xFF,0xFF,0xFF,0xFF,0xFF,
				0xFF,0xFF,0xFF,0xFF,0xFF,0xFF,0xFF,0xFF,0xFF,0xFF,0xFF,0xFF,0xFF,0xFF,0xFF,0xFF,
				0xFF,0xFF,0xFF,0xFF,0xFF,0xFF,0xFF,0xFF,0xFF,0xFF,0xFF,0xFF,0xFF,0xFF,0xFF,0xFF,
                </frame>
	   </bitmap> 
    </online_update>
		  <!-- ICON_STA_FLUX_DOWN_UP  -->
  <sta_flux_down_up>
    <enable>1</enable>
    <sx>34</sx>
    <sy>64</sy>
    <code>0</code>
    <height>13</height>
    <width>13</width>
    <size>26</size>
    <priority>0</priority>
    <bmp_current>0</bmp_current>
    <bmp_total>4</bmp_total>
    <bitmap>
      <frame>
      0xFF,0xFF,0xEF,0x18,0xD7,0x58,0xBB,0x58,0x39,0x58,0xD7,0x58,0xD7,0x58,0xD7,0x58,
	  0xD4,0xE0,0xD6,0xE8,0xD7,0x58,0xC7,0xB8,0xFF,0xFF,</frame>
	  <frame>
      0xFF,0xFF,0xEF,0x18,0xD7,0x18,0xBB,0x18,0x39,0x18,0xD7,0x18,0xD7,0x18,0xD7,0x18,
      0xD4,0x00,0xD6,0x08,0xD7,0x18,0xC7,0xB8,0xFF,0xFF,</frame>
	  <frame>
      0xFF,0xFF,0xEF,0x18,0xC7,0x58,0x83,0x58,0x01,0x58,0xC7,0x58,0xC7,0x58,0xC7,0x58,
	  0xC4,0xE0,0xC6,0xE8,0xC7,0x58,0xC7,0xB8,0xFF,0xFF,</frame>
	   <frame>
      0xFF,0xFF,0xEF,0x18,0xC7,0x18,0x83,0x18,0x01,0x18,0xC7,0x18,0xC7,0x18,0xC7,0x18,
	  0xC4,0x00,0xC6,0x08,0xC7,0x18,0xC7,0xB8,0xFF,0xFF,</frame>
    </bitmap>
  </sta_flux_down_up>
  
  	  <!-- ICON_DS_FLUX_DOWN_UP  -->
  <ds_flux_down_up>
    <enable>1</enable>
    <sx>34</sx>
    <sy>64</sy>
    <code>0</code>
    <height>13</height>
    <width>13</width>
    <size>26</size>
    <priority>0</priority>
    <bmp_current>0</bmp_current>
    <bmp_total>4</bmp_total>
    <bitmap>
      <frame>
      0xFF,0xFF,0xEF,0x18,0xD7,0x58,0xBB,0x58,0x39,0x58,0xD7,0x58,0xD7,0x58,0xD7,0x58,
	  0xD4,0xE0,0xD6,0xE8,0xD7,0x58,0xC7,0xB8,0xFF,0xFF,</frame>
	  <frame>
      0xFF,0xFF,0xEF,0x18,0xD7,0x18,0xBB,0x18,0x39,0x18,0xD7,0x18,0xD7,0x18,0xD7,0x18,
      0xD4,0x00,0xD6,0x08,0xD7,0x18,0xC7,0xB8,0xFF,0xFF,</frame>
	  <frame>
      0xFF,0xFF,0xEF,0x18,0xC7,0x58,0x83,0x58,0x01,0x58,0xC7,0x58,0xC7,0x58,0xC7,0x58,
	  0xC4,0xE0,0xC6,0xE8,0xC7,0x58,0xC7,0xB8,0xFF,0xFF,</frame>
	   <frame>
      0xFF,0xFF,0xEF,0x18,0xC7,0x18,0x83,0x18,0x01,0x18,0xC7,0x18,0xC7,0x18,0xC7,0x18,
	  0xC4,0x00,0xC6,0x08,0xC7,0x18,0xC7,0xB8,0xFF,0xFF,</frame>
    </bitmap>
  </ds_flux_down_up>
  
  
  
  <power_off_charge>
    <enable>1</enable>
    <sx>0</sx>
    <sy>64</sy>
    <code>0</code>
    <height>64</height>
    <width>128</width>
    <size>1024</size>
    <priority>30</priority>
    <bmp_current>0</bmp_current>
    <bmp_total>5</bmp_total>
    <bitmap>
      <frame>
0xFF,0xFF,0xFF,0xFF,0xFF,0xFF,0xFF,0xFF,0xFF,0xFF,0xFF,0xFF,0xFF,0xFF,0xFF,0xFF,
0xFF,0xFF,0xFF,0xFF,0xFF,0xFF,0xFF,0xFF,0xFF,0xFF,0xFF,0xFF,0xFF,0xFF,0xFF,0xFF,
0xFF,0xFF,0xFF,0xFF,0xFF,0xFF,0xFF,0xFF,0xFF,0xFF,0xFF,0xFF,0xFF,0xFF,0xFF,0xFF,
0xFF,0xFF,0xFF,0xFF,0xFF,0xFF,0xFF,0xFF,0xFF,0xFF,0xFF,0xFF,0xFF,0xFF,0xFF,0xFF,
0xFF,0xFF,0xFF,0xFF,0xFF,0xFF,0xFF,0xFF,0xFF,0xFF,0xFF,0xFF,0xFF,0xFF,0xFF,0xFF,
0xFF,0xFF,0xFF,0xFF,0xFF,0xFF,0xFF,0xFF,0xFF,0xFF,0xFF,0xFF,0xFF,0xFF,0xFF,0xFF,
0xFF,0xFF,0xFF,0xFF,0xFF,0xFF,0xFF,0xFF,0xFF,0xFF,0xFF,0xFF,0xFF,0xFF,0xFF,0xFF,
0xFF,0xFF,0xFF,0xFF,0xFF,0xFF,0xFF,0xFF,0xFF,0xFF,0xFF,0xFF,0xFF,0xFF,0xFF,0xFF,
0xFF,0xFF,0xFF,0xFF,0xFF,0xFF,0xFF,0xFF,0xFF,0xFF,0xFF,0xFF,0xFF,0xFF,0xFF,0xFF,
0xFF,0xFF,0xFF,0xFF,0xFF,0xFF,0xFF,0xFF,0xFF,0xFF,0xFF,0xFF,0xFF,0xFF,0xFF,0xFF,
0xFF,0xFF,0xFF,0xFF,0xFF,0xFF,0xFF,0xFF,0xFF,0xFF,0xFF,0xFF,0xFF,0xFF,0xFF,0xFF,
0xFF,0xFF,0xFF,0xFF,0xFF,0x80,0x00,0x00,0x00,0x00,0x00,0x0F,0xFF,0xFF,0xFF,0xFF,
0xFF,0xFF,0xFF,0xFF,0xFE,0x00,0x00,0x00,0x00,0x00,0x00,0x03,0xFF,0xFF,0xFF,0xFF,
0xFF,0xFF,0xFF,0xFF,0xFC,0x00,0x00,0x00,0x00,0x00,0x00,0x01,0xFF,0xFF,0xFF,0xFF,
0xFF,0xFF,0xFF,0xFF,0xFC,0x00,0x00,0x00,0x00,0x00,0x00,0x01,0xFF,0xFF,0xFF,0xFF,
0xFF,0xFF,0xFF,0xFF,0xF8,0x00,0x00,0x00,0x00,0x00,0x00,0x00,0xFF,0xFF,0xFF,0xFF,
0xFF,0xFF,0xFF,0xFF,0xF8,0x3F,0xFF,0xFF,0xFF,0xFF,0xFF,0xE0,0xFF,0xFF,0xFF,0xFF,
0xFF,0xFF,0xFF,0xFF,0xF8,0x3F,0xFF,0xFF,0xFF,0xFF,0xFF,0xE0,0xFF,0xFF,0xFF,0xFF,
0xFF,0xFF,0xFF,0xFF,0xF8,0x3F,0xFF,0xFF,0xFF,0xFF,0xFF,0xE0,0xFF,0xFF,0xFF,0xFF,
0xFF,0xFF,0xFF,0xFF,0xF8,0x3F,0xFF,0xFF,0xFF,0xFF,0xFF,0xE0,0xFF,0xFF,0xFF,0xFF,
0xFF,0xFF,0xFF,0xFF,0xC0,0x3F,0xFF,0xFF,0xFF,0xFF,0xFF,0xE0,0xFF,0xFF,0xFF,0xFF,
0xFF,0xFF,0xFF,0xFF,0x80,0x3F,0xFF,0xFF,0xFF,0xFF,0xFF,0xE0,0xFF,0xFF,0xFF,0xFF,
0xFF,0xFF,0xFF,0xFF,0x80,0x3F,0xFF,0xFF,0xFF,0xFF,0xFF,0xE0,0xFF,0xFF,0xFF,0xFF,
0xFF,0xFF,0xFF,0xFF,0x00,0x3F,0xFF,0xFF,0xFF,0xFF,0xFF,0xE0,0xFF,0xFF,0xFF,0xFF,
0xFF,0xFF,0xFF,0xFF,0x00,0x3F,0xFF,0xFF,0xFF,0xFF,0xFF,0xE0,0xFF,0xFF,0xFF,0xFF,
0xFF,0xFF,0xFF,0xFF,0x00,0x3F,0xFF,0xFF,0xFF,0xFF,0xFF,0xE0,0xFF,0xFF,0xFF,0xFF,
0xFF,0xFF,0xFF,0xFF,0x00,0x3F,0xFF,0xFF,0xFF,0xFF,0xFF,0xE0,0xFF,0xFF,0xFF,0xFF,
0xFF,0xFF,0xFF,0xFF,0x00,0x3F,0xFF,0xFF,0xFF,0xFF,0xFF,0xE0,0xFF,0xFF,0xFF,0xFF,
0xFF,0xFF,0xFF,0xFF,0x00,0x3F,0xFF,0xFF,0xFF,0xFF,0xFF,0xE0,0xFF,0xFF,0xFF,0xFF,
0xFF,0xFF,0xFF,0xFF,0x00,0x3F,0xFF,0xFF,0xFF,0xFF,0xFF,0xE0,0xFF,0xFF,0xFF,0xFF,
0xFF,0xFF,0xFF,0xFF,0x00,0x3F,0xFF,0xFF,0xFF,0xFF,0xFF,0xE0,0xFF,0xFF,0xFF,0xFF,
0xFF,0xFF,0xFF,0xFF,0x00,0x3F,0xFF,0xFF,0xFF,0xFF,0xFF,0xE0,0xFF,0xFF,0xFF,0xFF,
0xFF,0xFF,0xFF,0xFF,0x00,0x3F,0xFF,0xFF,0xFF,0xFF,0xFF,0xE0,0xFF,0xFF,0xFF,0xFF,
0xFF,0xFF,0xFF,0xFF,0x00,0x3F,0xFF,0xFF,0xFF,0xFF,0xFF,0xE0,0xFF,0xFF,0xFF,0xFF,
0xFF,0xFF,0xFF,0xFF,0x00,0x3F,0xFF,0xFF,0xFF,0xFF,0xFF,0xE0,0xFF,0xFF,0xFF,0xFF,
0xFF,0xFF,0xFF,0xFF,0x00,0x3F,0xFF,0xFF,0xFF,0xFF,0xFF,0xE0,0xFF,0xFF,0xFF,0xFF,
0xFF,0xFF,0xFF,0xFF,0x00,0x3F,0xFF,0xFF,0xFF,0xFF,0xFF,0xE0,0xFF,0xFF,0xFF,0xFF,
0xFF,0xFF,0xFF,0xFF,0x00,0x3F,0xFF,0xFF,0xFF,0xFF,0xFF,0xE0,0xFF,0xFF,0xFF,0xFF,
0xFF,0xFF,0xFF,0xFF,0x00,0x3F,0xFF,0xFF,0xFF,0xFF,0xFF,0xE0,0xFF,0xFF,0xFF,0xFF,
0xFF,0xFF,0xFF,0xFF,0x80,0x3F,0xFF,0xFF,0xFF,0xFF,0xFF,0xE0,0xFF,0xFF,0xFF,0xFF,
0xFF,0xFF,0xFF,0xFF,0x80,0x3F,0xFF,0xFF,0xFF,0xFF,0xFF,0xE0,0xFF,0xFF,0xFF,0xFF,
0xFF,0xFF,0xFF,0xFF,0xC0,0x3F,0xFF,0xFF,0xFF,0xFF,0xFF,0xE0,0xFF,0xFF,0xFF,0xFF,
0xFF,0xFF,0xFF,0xFF,0xF8,0x3F,0xFF,0xFF,0xFF,0xFF,0xFF,0xE0,0xFF,0xFF,0xFF,0xFF,
0xFF,0xFF,0xFF,0xFF,0xF8,0x3F,0xFF,0xFF,0xFF,0xFF,0xFF,0xE0,0xFF,0xFF,0xFF,0xFF,
0xFF,0xFF,0xFF,0xFF,0xF8,0x3F,0xFF,0xFF,0xFF,0xFF,0xFF,0xE0,0xFF,0xFF,0xFF,0xFF,
0xFF,0xFF,0xFF,0xFF,0xF8,0x3F,0xFF,0xFF,0xFF,0xFF,0xFF,0xE0,0xFF,0xFF,0xFF,0xFF,
0xFF,0xFF,0xFF,0xFF,0xF8,0x00,0x00,0x00,0x00,0x00,0x00,0x00,0xFF,0xFF,0xFF,0xFF,
0xFF,0xFF,0xFF,0xFF,0xFC,0x00,0x00,0x00,0x00,0x00,0x00,0x01,0xFF,0xFF,0xFF,0xFF,
0xFF,0xFF,0xFF,0xFF,0xFC,0x00,0x00,0x00,0x00,0x00,0x00,0x01,0xFF,0xFF,0xFF,0xFF,
0xFF,0xFF,0xFF,0xFF,0xFE,0x00,0x00,0x00,0x00,0x00,0x00,0x03,0xFF,0xFF,0xFF,0xFF,
0xFF,0xFF,0xFF,0xFF,0xFF,0x80,0x00,0x00,0x00,0x00,0x00,0x0F,0xFF,0xFF,0xFF,0xFF,
0xFF,0xFF,0xFF,0xFF,0xFF,0xFF,0xFF,0xFF,0xFF,0xFF,0xFF,0xFF,0xFF,0xFF,0xFF,0xFF,
0xFF,0xFF,0xFF,0xFF,0xFF,0xFF,0xFF,0xFF,0xFF,0xFF,0xFF,0xFF,0xFF,0xFF,0xFF,0xFF,
0xFF,0xFF,0xFF,0xFF,0xFF,0xFF,0xFF,0xFF,0xFF,0xFF,0xFF,0xFF,0xFF,0xFF,0xFF,0xFF,
0xFF,0xFF,0xFF,0xFF,0xFF,0xFF,0xFF,0xFF,0xFF,0xFF,0xFF,0xFF,0xFF,0xFF,0xFF,0xFF,
0xFF,0xFF,0xFF,0xFF,0xFF,0xFF,0xFF,0xFF,0xFF,0xFF,0xFF,0xFF,0xFF,0xFF,0xFF,0xFF,
0xFF,0xFF,0xFF,0xFF,0xFF,0xFF,0xFF,0xFF,0xFF,0xFF,0xFF,0xFF,0xFF,0xFF,0xFF,0xFF,
0xFF,0xFF,0xFF,0xFF,0xFF,0xFF,0xFF,0xFF,0xFF,0xFF,0xFF,0xFF,0xFF,0xFF,0xFF,0xFF,
0xFF,0xFF,0xFF,0xFF,0xFF,0xFF,0xFF,0xFF,0xFF,0xFF,0xFF,0xFF,0xFF,0xFF,0xFF,0xFF,
0xFF,0xFF,0xFF,0xFF,0xFF,0xFF,0xFF,0xFF,0xFF,0xFF,0xFF,0xFF,0xFF,0xFF,0xFF,0xFF,
0xFF,0xFF,0xFF,0xFF,0xFF,0xFF,0xFF,0xFF,0xFF,0xFF,0xFF,0xFF,0xFF,0xFF,0xFF,0xFF,
0xFF,0xFF,0xFF,0xFF,0xFF,0xFF,0xFF,0xFF,0xFF,0xFF,0xFF,0xFF,0xFF,0xFF,0xFF,0xFF,
0xFF,0xFF,0xFF,0xFF,0xFF,0xFF,0xFF,0xFF,0xFF,0xFF,0xFF,0xFF,0xFF,0xFF,0xFF,0xFF,
0xFF,0xFF,0xFF,0xFF,0xFF,0xFF,0xFF,0xFF,0xFF,0xFF,0xFF,0xFF,0xFF,0xFF,0xFF,0xFF,
</frame>
<frame>
0xFF,0xFF,0xFF,0xFF,0xFF,0xFF,0xFF,0xFF,0xFF,0xFF,0xFF,0xFF,0xFF,0xFF,0xFF,0xFF,
0xFF,0xFF,0xFF,0xFF,0xFF,0xFF,0xFF,0xFF,0xFF,0xFF,0xFF,0xFF,0xFF,0xFF,0xFF,0xFF,
0xFF,0xFF,0xFF,0xFF,0xFF,0xFF,0xFF,0xFF,0xFF,0xFF,0xFF,0xFF,0xFF,0xFF,0xFF,0xFF,
0xFF,0xFF,0xFF,0xFF,0xFF,0xFF,0xFF,0xFF,0xFF,0xFF,0xFF,0xFF,0xFF,0xFF,0xFF,0xFF,
0xFF,0xFF,0xFF,0xFF,0xFF,0xFF,0xFF,0xFF,0xFF,0xFF,0xFF,0xFF,0xFF,0xFF,0xFF,0xFF,
0xFF,0xFF,0xFF,0xFF,0xFF,0xFF,0xFF,0xFF,0xFF,0xFF,0xFF,0xFF,0xFF,0xFF,0xFF,0xFF,
0xFF,0xFF,0xFF,0xFF,0xFF,0xFF,0xFF,0xFF,0xFF,0xFF,0xFF,0xFF,0xFF,0xFF,0xFF,0xFF,
0xFF,0xFF,0xFF,0xFF,0xFF,0xFF,0xFF,0xFF,0xFF,0xFF,0xFF,0xFF,0xFF,0xFF,0xFF,0xFF,
0xFF,0xFF,0xFF,0xFF,0xFF,0xFF,0xFF,0xFF,0xFF,0xFF,0xFF,0xFF,0xFF,0xFF,0xFF,0xFF,
0xFF,0xFF,0xFF,0xFF,0xFF,0xFF,0xFF,0xFF,0xFF,0xFF,0xFF,0xFF,0xFF,0xFF,0xFF,0xFF,
0xFF,0xFF,0xFF,0xFF,0xFF,0xFF,0xFF,0xFF,0xFF,0xFF,0xFF,0xFF,0xFF,0xFF,0xFF,0xFF,
0xFF,0xFF,0xFF,0xFF,0xFF,0x80,0x00,0x00,0x00,0x00,0x00,0x0F,0xFF,0xFF,0xFF,0xFF,
0xFF,0xFF,0xFF,0xFF,0xFE,0x00,0x00,0x00,0x00,0x00,0x00,0x03,0xFF,0xFF,0xFF,0xFF,
0xFF,0xFF,0xFF,0xFF,0xFC,0x00,0x00,0x00,0x00,0x00,0x00,0x01,0xFF,0xFF,0xFF,0xFF,
0xFF,0xFF,0xFF,0xFF,0xFC,0x00,0x00,0x00,0x00,0x00,0x00,0x01,0xFF,0xFF,0xFF,0xFF,
0xFF,0xFF,0xFF,0xFF,0xF8,0x00,0x00,0x00,0x00,0x00,0x00,0x00,0xFF,0xFF,0xFF,0xFF,
0xFF,0xFF,0xFF,0xFF,0xF8,0x3F,0xFF,0xFF,0xFF,0xFF,0xFF,0xE0,0xFF,0xFF,0xFF,0xFF,
0xFF,0xFF,0xFF,0xFF,0xF8,0x3F,0xFF,0xFF,0xFF,0xFF,0xFF,0xE0,0xFF,0xFF,0xFF,0xFF,
0xFF,0xFF,0xFF,0xFF,0xF8,0x3F,0xFF,0xFF,0xFF,0xFF,0xFF,0xE0,0xFF,0xFF,0xFF,0xFF,
0xFF,0xFF,0xFF,0xFF,0xF8,0x3F,0xFF,0xFF,0xFF,0xFF,0xFF,0xE0,0xFF,0xFF,0xFF,0xFF,
0xFF,0xFF,0xFF,0xFF,0xC0,0x3F,0xFF,0xFF,0xFF,0xFF,0x03,0xE0,0xFF,0xFF,0xFF,0xFF,
0xFF,0xFF,0xFF,0xFF,0x80,0x3F,0xFF,0xFF,0xFF,0xFF,0x03,0xE0,0xFF,0xFF,0xFF,0xFF,
0xFF,0xFF,0xFF,0xFF,0x80,0x3F,0xFF,0xFF,0xFF,0xFF,0x03,0xE0,0xFF,0xFF,0xFF,0xFF,
0xFF,0xFF,0xFF,0xFF,0x00,0x3F,0xFF,0xFF,0xFF,0xFF,0x03,0xE0,0xFF,0xFF,0xFF,0xFF,
0xFF,0xFF,0xFF,0xFF,0x00,0x3F,0xFF,0xFF,0xFF,0xFF,0x03,0xE0,0xFF,0xFF,0xFF,0xFF,
0xFF,0xFF,0xFF,0xFF,0x00,0x3F,0xFF,0xFF,0xFF,0xFF,0x03,0xE0,0xFF,0xFF,0xFF,0xFF,
0xFF,0xFF,0xFF,0xFF,0x00,0x3F,0xFF,0xFF,0xFF,0xFF,0x03,0xE0,0xFF,0xFF,0xFF,0xFF,
0xFF,0xFF,0xFF,0xFF,0x00,0x3F,0xFF,0xFF,0xFF,0xFF,0x03,0xE0,0xFF,0xFF,0xFF,0xFF,
0xFF,0xFF,0xFF,0xFF,0x00,0x3F,0xFF,0xFF,0xFF,0xFF,0x03,0xE0,0xFF,0xFF,0xFF,0xFF,
0xFF,0xFF,0xFF,0xFF,0x00,0x3F,0xFF,0xFF,0xFF,0xFF,0x03,0xE0,0xFF,0xFF,0xFF,0xFF,
0xFF,0xFF,0xFF,0xFF,0x00,0x3F,0xFF,0xFF,0xFF,0xFF,0x03,0xE0,0xFF,0xFF,0xFF,0xFF,
0xFF,0xFF,0xFF,0xFF,0x00,0x3F,0xFF,0xFF,0xFF,0xFF,0x03,0xE0,0xFF,0xFF,0xFF,0xFF,
0xFF,0xFF,0xFF,0xFF,0x00,0x3F,0xFF,0xFF,0xFF,0xFF,0x03,0xE0,0xFF,0xFF,0xFF,0xFF,
0xFF,0xFF,0xFF,0xFF,0x00,0x3F,0xFF,0xFF,0xFF,0xFF,0x03,0xE0,0xFF,0xFF,0xFF,0xFF,
0xFF,0xFF,0xFF,0xFF,0x00,0x3F,0xFF,0xFF,0xFF,0xFF,0x03,0xE0,0xFF,0xFF,0xFF,0xFF,
0xFF,0xFF,0xFF,0xFF,0x00,0x3F,0xFF,0xFF,0xFF,0xFF,0x03,0xE0,0xFF,0xFF,0xFF,0xFF,
0xFF,0xFF,0xFF,0xFF,0x00,0x3F,0xFF,0xFF,0xFF,0xFF,0x03,0xE0,0xFF,0xFF,0xFF,0xFF,
0xFF,0xFF,0xFF,0xFF,0x00,0x3F,0xFF,0xFF,0xFF,0xFF,0x03,0xE0,0xFF,0xFF,0xFF,0xFF,
0xFF,0xFF,0xFF,0xFF,0x00,0x3F,0xFF,0xFF,0xFF,0xFF,0x03,0xE0,0xFF,0xFF,0xFF,0xFF,
0xFF,0xFF,0xFF,0xFF,0x80,0x3F,0xFF,0xFF,0xFF,0xFF,0x03,0xE0,0xFF,0xFF,0xFF,0xFF,
0xFF,0xFF,0xFF,0xFF,0x80,0x3F,0xFF,0xFF,0xFF,0xFF,0x03,0xE0,0xFF,0xFF,0xFF,0xFF,
0xFF,0xFF,0xFF,0xFF,0xC0,0x3F,0xFF,0xFF,0xFF,0xFF,0x03,0xE0,0xFF,0xFF,0xFF,0xFF,
0xFF,0xFF,0xFF,0xFF,0xF8,0x3F,0xFF,0xFF,0xFF,0xFF,0xFF,0xE0,0xFF,0xFF,0xFF,0xFF,
0xFF,0xFF,0xFF,0xFF,0xF8,0x3F,0xFF,0xFF,0xFF,0xFF,0xFF,0xE0,0xFF,0xFF,0xFF,0xFF,
0xFF,0xFF,0xFF,0xFF,0xF8,0x3F,0xFF,0xFF,0xFF,0xFF,0xFF,0xE0,0xFF,0xFF,0xFF,0xFF,
0xFF,0xFF,0xFF,0xFF,0xF8,0x3F,0xFF,0xFF,0xFF,0xFF,0xFF,0xE0,0xFF,0xFF,0xFF,0xFF,
0xFF,0xFF,0xFF,0xFF,0xF8,0x00,0x00,0x00,0x00,0x00,0x00,0x00,0xFF,0xFF,0xFF,0xFF,
0xFF,0xFF,0xFF,0xFF,0xFC,0x00,0x00,0x00,0x00,0x00,0x00,0x01,0xFF,0xFF,0xFF,0xFF,
0xFF,0xFF,0xFF,0xFF,0xFC,0x00,0x00,0x00,0x00,0x00,0x00,0x01,0xFF,0xFF,0xFF,0xFF,
0xFF,0xFF,0xFF,0xFF,0xFE,0x00,0x00,0x00,0x00,0x00,0x00,0x03,0xFF,0xFF,0xFF,0xFF,
0xFF,0xFF,0xFF,0xFF,0xFF,0x80,0x00,0x00,0x00,0x00,0x00,0x0F,0xFF,0xFF,0xFF,0xFF,
0xFF,0xFF,0xFF,0xFF,0xFF,0xFF,0xFF,0xFF,0xFF,0xFF,0xFF,0xFF,0xFF,0xFF,0xFF,0xFF,
0xFF,0xFF,0xFF,0xFF,0xFF,0xFF,0xFF,0xFF,0xFF,0xFF,0xFF,0xFF,0xFF,0xFF,0xFF,0xFF,
0xFF,0xFF,0xFF,0xFF,0xFF,0xFF,0xFF,0xFF,0xFF,0xFF,0xFF,0xFF,0xFF,0xFF,0xFF,0xFF,
0xFF,0xFF,0xFF,0xFF,0xFF,0xFF,0xFF,0xFF,0xFF,0xFF,0xFF,0xFF,0xFF,0xFF,0xFF,0xFF,
0xFF,0xFF,0xFF,0xFF,0xFF,0xFF,0xFF,0xFF,0xFF,0xFF,0xFF,0xFF,0xFF,0xFF,0xFF,0xFF,
0xFF,0xFF,0xFF,0xFF,0xFF,0xFF,0xFF,0xFF,0xFF,0xFF,0xFF,0xFF,0xFF,0xFF,0xFF,0xFF,
0xFF,0xFF,0xFF,0xFF,0xFF,0xFF,0xFF,0xFF,0xFF,0xFF,0xFF,0xFF,0xFF,0xFF,0xFF,0xFF,
0xFF,0xFF,0xFF,0xFF,0xFF,0xFF,0xFF,0xFF,0xFF,0xFF,0xFF,0xFF,0xFF,0xFF,0xFF,0xFF,
0xFF,0xFF,0xFF,0xFF,0xFF,0xFF,0xFF,0xFF,0xFF,0xFF,0xFF,0xFF,0xFF,0xFF,0xFF,0xFF,
0xFF,0xFF,0xFF,0xFF,0xFF,0xFF,0xFF,0xFF,0xFF,0xFF,0xFF,0xFF,0xFF,0xFF,0xFF,0xFF,
0xFF,0xFF,0xFF,0xFF,0xFF,0xFF,0xFF,0xFF,0xFF,0xFF,0xFF,0xFF,0xFF,0xFF,0xFF,0xFF,
0xFF,0xFF,0xFF,0xFF,0xFF,0xFF,0xFF,0xFF,0xFF,0xFF,0xFF,0xFF,0xFF,0xFF,0xFF,0xFF,
0xFF,0xFF,0xFF,0xFF,0xFF,0xFF,0xFF,0xFF,0xFF,0xFF,0xFF,0xFF,0xFF,0xFF,0xFF,0xFF,
</frame>
<frame>
0xFF,0xFF,0xFF,0xFF,0xFF,0xFF,0xFF,0xFF,0xFF,0xFF,0xFF,0xFF,0xFF,0xFF,0xFF,0xFF,
0xFF,0xFF,0xFF,0xFF,0xFF,0xFF,0xFF,0xFF,0xFF,0xFF,0xFF,0xFF,0xFF,0xFF,0xFF,0xFF,
0xFF,0xFF,0xFF,0xFF,0xFF,0xFF,0xFF,0xFF,0xFF,0xFF,0xFF,0xFF,0xFF,0xFF,0xFF,0xFF,
0xFF,0xFF,0xFF,0xFF,0xFF,0xFF,0xFF,0xFF,0xFF,0xFF,0xFF,0xFF,0xFF,0xFF,0xFF,0xFF,
0xFF,0xFF,0xFF,0xFF,0xFF,0xFF,0xFF,0xFF,0xFF,0xFF,0xFF,0xFF,0xFF,0xFF,0xFF,0xFF,
0xFF,0xFF,0xFF,0xFF,0xFF,0xFF,0xFF,0xFF,0xFF,0xFF,0xFF,0xFF,0xFF,0xFF,0xFF,0xFF,
0xFF,0xFF,0xFF,0xFF,0xFF,0xFF,0xFF,0xFF,0xFF,0xFF,0xFF,0xFF,0xFF,0xFF,0xFF,0xFF,
0xFF,0xFF,0xFF,0xFF,0xFF,0xFF,0xFF,0xFF,0xFF,0xFF,0xFF,0xFF,0xFF,0xFF,0xFF,0xFF,
0xFF,0xFF,0xFF,0xFF,0xFF,0xFF,0xFF,0xFF,0xFF,0xFF,0xFF,0xFF,0xFF,0xFF,0xFF,0xFF,
0xFF,0xFF,0xFF,0xFF,0xFF,0xFF,0xFF,0xFF,0xFF,0xFF,0xFF,0xFF,0xFF,0xFF,0xFF,0xFF,
0xFF,0xFF,0xFF,0xFF,0xFF,0xFF,0xFF,0xFF,0xFF,0xFF,0xFF,0xFF,0xFF,0xFF,0xFF,0xFF,
0xFF,0xFF,0xFF,0xFF,0xFF,0x80,0x00,0x00,0x00,0x00,0x00,0x0F,0xFF,0xFF,0xFF,0xFF,
0xFF,0xFF,0xFF,0xFF,0xFE,0x00,0x00,0x00,0x00,0x00,0x00,0x03,0xFF,0xFF,0xFF,0xFF,
0xFF,0xFF,0xFF,0xFF,0xFC,0x00,0x00,0x00,0x00,0x00,0x00,0x01,0xFF,0xFF,0xFF,0xFF,
0xFF,0xFF,0xFF,0xFF,0xFC,0x00,0x00,0x00,0x00,0x00,0x00,0x01,0xFF,0xFF,0xFF,0xFF,
0xFF,0xFF,0xFF,0xFF,0xF8,0x00,0x00,0x00,0x00,0x00,0x00,0x00,0xFF,0xFF,0xFF,0xFF,
0xFF,0xFF,0xFF,0xFF,0xF8,0x3F,0xFF,0xFF,0xFF,0xFF,0xFF,0xE0,0xFF,0xFF,0xFF,0xFF,
0xFF,0xFF,0xFF,0xFF,0xF8,0x3F,0xFF,0xFF,0xFF,0xFF,0xFF,0xE0,0xFF,0xFF,0xFF,0xFF,
0xFF,0xFF,0xFF,0xFF,0xF8,0x3F,0xFF,0xFF,0xFF,0xFF,0xFF,0xE0,0xFF,0xFF,0xFF,0xFF,
0xFF,0xFF,0xFF,0xFF,0xF8,0x3F,0xFF,0xFF,0xFF,0xFF,0xFF,0xE0,0xFF,0xFF,0xFF,0xFF,
0xFF,0xFF,0xFF,0xFF,0xC0,0x3F,0xFF,0xFF,0xF8,0x1F,0x03,0xE0,0xFF,0xFF,0xFF,0xFF,
0xFF,0xFF,0xFF,0xFF,0x80,0x3F,0xFF,0xFF,0xF8,0x1F,0x03,0xE0,0xFF,0xFF,0xFF,0xFF,
0xFF,0xFF,0xFF,0xFF,0x80,0x3F,0xFF,0xFF,0xF8,0x1F,0x03,0xE0,0xFF,0xFF,0xFF,0xFF,
0xFF,0xFF,0xFF,0xFF,0x00,0x3F,0xFF,0xFF,0xF8,0x1F,0x03,0xE0,0xFF,0xFF,0xFF,0xFF,
0xFF,0xFF,0xFF,0xFF,0x00,0x3F,0xFF,0xFF,0xF8,0x1F,0x03,0xE0,0xFF,0xFF,0xFF,0xFF,
0xFF,0xFF,0xFF,0xFF,0x00,0x3F,0xFF,0xFF,0xF8,0x1F,0x03,0xE0,0xFF,0xFF,0xFF,0xFF,
0xFF,0xFF,0xFF,0xFF,0x00,0x3F,0xFF,0xFF,0xF8,0x1F,0x03,0xE0,0xFF,0xFF,0xFF,0xFF,
0xFF,0xFF,0xFF,0xFF,0x00,0x3F,0xFF,0xFF,0xF8,0x1F,0x03,0xE0,0xFF,0xFF,0xFF,0xFF,
0xFF,0xFF,0xFF,0xFF,0x00,0x3F,0xFF,0xFF,0xF8,0x1F,0x03,0xE0,0xFF,0xFF,0xFF,0xFF,
0xFF,0xFF,0xFF,0xFF,0x00,0x3F,0xFF,0xFF,0xF8,0x1F,0x03,0xE0,0xFF,0xFF,0xFF,0xFF,
0xFF,0xFF,0xFF,0xFF,0x00,0x3F,0xFF,0xFF,0xF8,0x1F,0x03,0xE0,0xFF,0xFF,0xFF,0xFF,
0xFF,0xFF,0xFF,0xFF,0x00,0x3F,0xFF,0xFF,0xF8,0x1F,0x03,0xE0,0xFF,0xFF,0xFF,0xFF,
0xFF,0xFF,0xFF,0xFF,0x00,0x3F,0xFF,0xFF,0xF8,0x1F,0x03,0xE0,0xFF,0xFF,0xFF,0xFF,
0xFF,0xFF,0xFF,0xFF,0x00,0x3F,0xFF,0xFF,0xF8,0x1F,0x03,0xE0,0xFF,0xFF,0xFF,0xFF,
0xFF,0xFF,0xFF,0xFF,0x00,0x3F,0xFF,0xFF,0xF8,0x1F,0x03,0xE0,0xFF,0xFF,0xFF,0xFF,
0xFF,0xFF,0xFF,0xFF,0x00,0x3F,0xFF,0xFF,0xF8,0x1F,0x03,0xE0,0xFF,0xFF,0xFF,0xFF,
0xFF,0xFF,0xFF,0xFF,0x00,0x3F,0xFF,0xFF,0xF8,0x1F,0x03,0xE0,0xFF,0xFF,0xFF,0xFF,
0xFF,0xFF,0xFF,0xFF,0x00,0x3F,0xFF,0xFF,0xF8,0x1F,0x03,0xE0,0xFF,0xFF,0xFF,0xFF,
0xFF,0xFF,0xFF,0xFF,0x00,0x3F,0xFF,0xFF,0xF8,0x1F,0x03,0xE0,0xFF,0xFF,0xFF,0xFF,
0xFF,0xFF,0xFF,0xFF,0x80,0x3F,0xFF,0xFF,0xF8,0x1F,0x03,0xE0,0xFF,0xFF,0xFF,0xFF,
0xFF,0xFF,0xFF,0xFF,0x80,0x3F,0xFF,0xFF,0xF8,0x1F,0x03,0xE0,0xFF,0xFF,0xFF,0xFF,
0xFF,0xFF,0xFF,0xFF,0xC0,0x3F,0xFF,0xFF,0xF8,0x1F,0x03,0xE0,0xFF,0xFF,0xFF,0xFF,
0xFF,0xFF,0xFF,0xFF,0xF8,0x3F,0xFF,0xFF,0xFF,0xFF,0xFF,0xE0,0xFF,0xFF,0xFF,0xFF,
0xFF,0xFF,0xFF,0xFF,0xF8,0x3F,0xFF,0xFF,0xFF,0xFF,0xFF,0xE0,0xFF,0xFF,0xFF,0xFF,
0xFF,0xFF,0xFF,0xFF,0xF8,0x3F,0xFF,0xFF,0xFF,0xFF,0xFF,0xE0,0xFF,0xFF,0xFF,0xFF,
0xFF,0xFF,0xFF,0xFF,0xF8,0x3F,0xFF,0xFF,0xFF,0xFF,0xFF,0xE0,0xFF,0xFF,0xFF,0xFF,
0xFF,0xFF,0xFF,0xFF,0xF8,0x00,0x00,0x00,0x00,0x00,0x00,0x00,0xFF,0xFF,0xFF,0xFF,
0xFF,0xFF,0xFF,0xFF,0xFC,0x00,0x00,0x00,0x00,0x00,0x00,0x01,0xFF,0xFF,0xFF,0xFF,
0xFF,0xFF,0xFF,0xFF,0xFC,0x00,0x00,0x00,0x00,0x00,0x00,0x01,0xFF,0xFF,0xFF,0xFF,
0xFF,0xFF,0xFF,0xFF,0xFE,0x00,0x00,0x00,0x00,0x00,0x00,0x03,0xFF,0xFF,0xFF,0xFF,
0xFF,0xFF,0xFF,0xFF,0xFF,0x80,0x00,0x00,0x00,0x00,0x00,0x0F,0xFF,0xFF,0xFF,0xFF,
0xFF,0xFF,0xFF,0xFF,0xFF,0xFF,0xFF,0xFF,0xFF,0xFF,0xFF,0xFF,0xFF,0xFF,0xFF,0xFF,
0xFF,0xFF,0xFF,0xFF,0xFF,0xFF,0xFF,0xFF,0xFF,0xFF,0xFF,0xFF,0xFF,0xFF,0xFF,0xFF,
0xFF,0xFF,0xFF,0xFF,0xFF,0xFF,0xFF,0xFF,0xFF,0xFF,0xFF,0xFF,0xFF,0xFF,0xFF,0xFF,
0xFF,0xFF,0xFF,0xFF,0xFF,0xFF,0xFF,0xFF,0xFF,0xFF,0xFF,0xFF,0xFF,0xFF,0xFF,0xFF,
0xFF,0xFF,0xFF,0xFF,0xFF,0xFF,0xFF,0xFF,0xFF,0xFF,0xFF,0xFF,0xFF,0xFF,0xFF,0xFF,
0xFF,0xFF,0xFF,0xFF,0xFF,0xFF,0xFF,0xFF,0xFF,0xFF,0xFF,0xFF,0xFF,0xFF,0xFF,0xFF,
0xFF,0xFF,0xFF,0xFF,0xFF,0xFF,0xFF,0xFF,0xFF,0xFF,0xFF,0xFF,0xFF,0xFF,0xFF,0xFF,
0xFF,0xFF,0xFF,0xFF,0xFF,0xFF,0xFF,0xFF,0xFF,0xFF,0xFF,0xFF,0xFF,0xFF,0xFF,0xFF,
0xFF,0xFF,0xFF,0xFF,0xFF,0xFF,0xFF,0xFF,0xFF,0xFF,0xFF,0xFF,0xFF,0xFF,0xFF,0xFF,
0xFF,0xFF,0xFF,0xFF,0xFF,0xFF,0xFF,0xFF,0xFF,0xFF,0xFF,0xFF,0xFF,0xFF,0xFF,0xFF,
0xFF,0xFF,0xFF,0xFF,0xFF,0xFF,0xFF,0xFF,0xFF,0xFF,0xFF,0xFF,0xFF,0xFF,0xFF,0xFF,
0xFF,0xFF,0xFF,0xFF,0xFF,0xFF,0xFF,0xFF,0xFF,0xFF,0xFF,0xFF,0xFF,0xFF,0xFF,0xFF,
0xFF,0xFF,0xFF,0xFF,0xFF,0xFF,0xFF,0xFF,0xFF,0xFF,0xFF,0xFF,0xFF,0xFF,0xFF,0xFF,
</frame>
<frame>
0xFF,0xFF,0xFF,0xFF,0xFF,0xFF,0xFF,0xFF,0xFF,0xFF,0xFF,0xFF,0xFF,0xFF,0xFF,0xFF,
0xFF,0xFF,0xFF,0xFF,0xFF,0xFF,0xFF,0xFF,0xFF,0xFF,0xFF,0xFF,0xFF,0xFF,0xFF,0xFF,
0xFF,0xFF,0xFF,0xFF,0xFF,0xFF,0xFF,0xFF,0xFF,0xFF,0xFF,0xFF,0xFF,0xFF,0xFF,0xFF,
0xFF,0xFF,0xFF,0xFF,0xFF,0xFF,0xFF,0xFF,0xFF,0xFF,0xFF,0xFF,0xFF,0xFF,0xFF,0xFF,
0xFF,0xFF,0xFF,0xFF,0xFF,0xFF,0xFF,0xFF,0xFF,0xFF,0xFF,0xFF,0xFF,0xFF,0xFF,0xFF,
0xFF,0xFF,0xFF,0xFF,0xFF,0xFF,0xFF,0xFF,0xFF,0xFF,0xFF,0xFF,0xFF,0xFF,0xFF,0xFF,
0xFF,0xFF,0xFF,0xFF,0xFF,0xFF,0xFF,0xFF,0xFF,0xFF,0xFF,0xFF,0xFF,0xFF,0xFF,0xFF,
0xFF,0xFF,0xFF,0xFF,0xFF,0xFF,0xFF,0xFF,0xFF,0xFF,0xFF,0xFF,0xFF,0xFF,0xFF,0xFF,
0xFF,0xFF,0xFF,0xFF,0xFF,0xFF,0xFF,0xFF,0xFF,0xFF,0xFF,0xFF,0xFF,0xFF,0xFF,0xFF,
0xFF,0xFF,0xFF,0xFF,0xFF,0xFF,0xFF,0xFF,0xFF,0xFF,0xFF,0xFF,0xFF,0xFF,0xFF,0xFF,
0xFF,0xFF,0xFF,0xFF,0xFF,0xFF,0xFF,0xFF,0xFF,0xFF,0xFF,0xFF,0xFF,0xFF,0xFF,0xFF,
0xFF,0xFF,0xFF,0xFF,0xFF,0x80,0x00,0x00,0x00,0x00,0x00,0x0F,0xFF,0xFF,0xFF,0xFF,
0xFF,0xFF,0xFF,0xFF,0xFE,0x00,0x00,0x00,0x00,0x00,0x00,0x03,0xFF,0xFF,0xFF,0xFF,
0xFF,0xFF,0xFF,0xFF,0xFC,0x00,0x00,0x00,0x00,0x00,0x00,0x01,0xFF,0xFF,0xFF,0xFF,
0xFF,0xFF,0xFF,0xFF,0xFC,0x00,0x00,0x00,0x00,0x00,0x00,0x01,0xFF,0xFF,0xFF,0xFF,
0xFF,0xFF,0xFF,0xFF,0xF8,0x00,0x00,0x00,0x00,0x00,0x00,0x00,0xFF,0xFF,0xFF,0xFF,
0xFF,0xFF,0xFF,0xFF,0xF8,0x3F,0xFF,0xFF,0xFF,0xFF,0xFF,0xE0,0xFF,0xFF,0xFF,0xFF,
0xFF,0xFF,0xFF,0xFF,0xF8,0x3F,0xFF,0xFF,0xFF,0xFF,0xFF,0xE0,0xFF,0xFF,0xFF,0xFF,
0xFF,0xFF,0xFF,0xFF,0xF8,0x3F,0xFF,0xFF,0xFF,0xFF,0xFF,0xE0,0xFF,0xFF,0xFF,0xFF,
0xFF,0xFF,0xFF,0xFF,0xF8,0x3F,0xFF,0xFF,0xFF,0xFF,0xFF,0xE0,0xFF,0xFF,0xFF,0xFF,
0xFF,0xFF,0xFF,0xFF,0xC0,0x3F,0xFF,0xC0,0xF8,0x1F,0x03,0xE0,0xFF,0xFF,0xFF,0xFF,
0xFF,0xFF,0xFF,0xFF,0x80,0x3F,0xFF,0xC0,0xF8,0x1F,0x03,0xE0,0xFF,0xFF,0xFF,0xFF,
0xFF,0xFF,0xFF,0xFF,0x80,0x3F,0xFF,0xC0,0xF8,0x1F,0x03,0xE0,0xFF,0xFF,0xFF,0xFF,
0xFF,0xFF,0xFF,0xFF,0x00,0x3F,0xFF,0xC0,0xF8,0x1F,0x03,0xE0,0xFF,0xFF,0xFF,0xFF,
0xFF,0xFF,0xFF,0xFF,0x00,0x3F,0xFF,0xC0,0xF8,0x1F,0x03,0xE0,0xFF,0xFF,0xFF,0xFF,
0xFF,0xFF,0xFF,0xFF,0x00,0x3F,0xFF,0xC0,0xF8,0x1F,0x03,0xE0,0xFF,0xFF,0xFF,0xFF,
0xFF,0xFF,0xFF,0xFF,0x00,0x3F,0xFF,0xC0,0xF8,0x1F,0x03,0xE0,0xFF,0xFF,0xFF,0xFF,
0xFF,0xFF,0xFF,0xFF,0x00,0x3F,0xFF,0xC0,0xF8,0x1F,0x03,0xE0,0xFF,0xFF,0xFF,0xFF,
0xFF,0xFF,0xFF,0xFF,0x00,0x3F,0xFF,0xC0,0xF8,0x1F,0x03,0xE0,0xFF,0xFF,0xFF,0xFF,
0xFF,0xFF,0xFF,0xFF,0x00,0x3F,0xFF,0xC0,0xF8,0x1F,0x03,0xE0,0xFF,0xFF,0xFF,0xFF,
0xFF,0xFF,0xFF,0xFF,0x00,0x3F,0xFF,0xC0,0xF8,0x1F,0x03,0xE0,0xFF,0xFF,0xFF,0xFF,
0xFF,0xFF,0xFF,0xFF,0x00,0x3F,0xFF,0xC0,0xF8,0x1F,0x03,0xE0,0xFF,0xFF,0xFF,0xFF,
0xFF,0xFF,0xFF,0xFF,0x00,0x3F,0xFF,0xC0,0xF8,0x1F,0x03,0xE0,0xFF,0xFF,0xFF,0xFF,
0xFF,0xFF,0xFF,0xFF,0x00,0x3F,0xFF,0xC0,0xF8,0x1F,0x03,0xE0,0xFF,0xFF,0xFF,0xFF,
0xFF,0xFF,0xFF,0xFF,0x00,0x3F,0xFF,0xC0,0xF8,0x1F,0x03,0xE0,0xFF,0xFF,0xFF,0xFF,
0xFF,0xFF,0xFF,0xFF,0x00,0x3F,0xFF,0xC0,0xF8,0x1F,0x03,0xE0,0xFF,0xFF,0xFF,0xFF,
0xFF,0xFF,0xFF,0xFF,0x00,0x3F,0xFF,0xC0,0xF8,0x1F,0x03,0xE0,0xFF,0xFF,0xFF,0xFF,
0xFF,0xFF,0xFF,0xFF,0x00,0x3F,0xFF,0xC0,0xF8,0x1F,0x03,0xE0,0xFF,0xFF,0xFF,0xFF,
0xFF,0xFF,0xFF,0xFF,0x00,0x3F,0xFF,0xC0,0xF8,0x1F,0x03,0xE0,0xFF,0xFF,0xFF,0xFF,
0xFF,0xFF,0xFF,0xFF,0x80,0x3F,0xFF,0xC0,0xF8,0x1F,0x03,0xE0,0xFF,0xFF,0xFF,0xFF,
0xFF,0xFF,0xFF,0xFF,0x80,0x3F,0xFF,0xC0,0xF8,0x1F,0x03,0xE0,0xFF,0xFF,0xFF,0xFF,
0xFF,0xFF,0xFF,0xFF,0xC0,0x3F,0xFF,0xC0,0xF8,0x1F,0x03,0xE0,0xFF,0xFF,0xFF,0xFF,
0xFF,0xFF,0xFF,0xFF,0xF8,0x3F,0xFF,0xFF,0xFF,0xFF,0xFF,0xE0,0xFF,0xFF,0xFF,0xFF,
0xFF,0xFF,0xFF,0xFF,0xF8,0x3F,0xFF,0xFF,0xFF,0xFF,0xFF,0xE0,0xFF,0xFF,0xFF,0xFF,
0xFF,0xFF,0xFF,0xFF,0xF8,0x3F,0xFF,0xFF,0xFF,0xFF,0xFF,0xE0,0xFF,0xFF,0xFF,0xFF,
0xFF,0xFF,0xFF,0xFF,0xF8,0x3F,0xFF,0xFF,0xFF,0xFF,0xFF,0xE0,0xFF,0xFF,0xFF,0xFF,
0xFF,0xFF,0xFF,0xFF,0xF8,0x00,0x00,0x00,0x00,0x00,0x00,0x00,0xFF,0xFF,0xFF,0xFF,
0xFF,0xFF,0xFF,0xFF,0xFC,0x00,0x00,0x00,0x00,0x00,0x00,0x01,0xFF,0xFF,0xFF,0xFF,
0xFF,0xFF,0xFF,0xFF,0xFC,0x00,0x00,0x00,0x00,0x00,0x00,0x01,0xFF,0xFF,0xFF,0xFF,
0xFF,0xFF,0xFF,0xFF,0xFE,0x00,0x00,0x00,0x00,0x00,0x00,0x03,0xFF,0xFF,0xFF,0xFF,
0xFF,0xFF,0xFF,0xFF,0xFF,0x80,0x00,0x00,0x00,0x00,0x00,0x0F,0xFF,0xFF,0xFF,0xFF,
0xFF,0xFF,0xFF,0xFF,0xFF,0xFF,0xFF,0xFF,0xFF,0xFF,0xFF,0xFF,0xFF,0xFF,0xFF,0xFF,
0xFF,0xFF,0xFF,0xFF,0xFF,0xFF,0xFF,0xFF,0xFF,0xFF,0xFF,0xFF,0xFF,0xFF,0xFF,0xFF,
0xFF,0xFF,0xFF,0xFF,0xFF,0xFF,0xFF,0xFF,0xFF,0xFF,0xFF,0xFF,0xFF,0xFF,0xFF,0xFF,
0xFF,0xFF,0xFF,0xFF,0xFF,0xFF,0xFF,0xFF,0xFF,0xFF,0xFF,0xFF,0xFF,0xFF,0xFF,0xFF,
0xFF,0xFF,0xFF,0xFF,0xFF,0xFF,0xFF,0xFF,0xFF,0xFF,0xFF,0xFF,0xFF,0xFF,0xFF,0xFF,
0xFF,0xFF,0xFF,0xFF,0xFF,0xFF,0xFF,0xFF,0xFF,0xFF,0xFF,0xFF,0xFF,0xFF,0xFF,0xFF,
0xFF,0xFF,0xFF,0xFF,0xFF,0xFF,0xFF,0xFF,0xFF,0xFF,0xFF,0xFF,0xFF,0xFF,0xFF,0xFF,
0xFF,0xFF,0xFF,0xFF,0xFF,0xFF,0xFF,0xFF,0xFF,0xFF,0xFF,0xFF,0xFF,0xFF,0xFF,0xFF,
0xFF,0xFF,0xFF,0xFF,0xFF,0xFF,0xFF,0xFF,0xFF,0xFF,0xFF,0xFF,0xFF,0xFF,0xFF,0xFF,
0xFF,0xFF,0xFF,0xFF,0xFF,0xFF,0xFF,0xFF,0xFF,0xFF,0xFF,0xFF,0xFF,0xFF,0xFF,0xFF,
0xFF,0xFF,0xFF,0xFF,0xFF,0xFF,0xFF,0xFF,0xFF,0xFF,0xFF,0xFF,0xFF,0xFF,0xFF,0xFF,
0xFF,0xFF,0xFF,0xFF,0xFF,0xFF,0xFF,0xFF,0xFF,0xFF,0xFF,0xFF,0xFF,0xFF,0xFF,0xFF,
0xFF,0xFF,0xFF,0xFF,0xFF,0xFF,0xFF,0xFF,0xFF,0xFF,0xFF,0xFF,0xFF,0xFF,0xFF,0xFF,
</frame>
<frame>
0xFF,0xFF,0xFF,0xFF,0xFF,0xFF,0xFF,0xFF,0xFF,0xFF,0xFF,0xFF,0xFF,0xFF,0xFF,0xFF,
0xFF,0xFF,0xFF,0xFF,0xFF,0xFF,0xFF,0xFF,0xFF,0xFF,0xFF,0xFF,0xFF,0xFF,0xFF,0xFF,
0xFF,0xFF,0xFF,0xFF,0xFF,0xFF,0xFF,0xFF,0xFF,0xFF,0xFF,0xFF,0xFF,0xFF,0xFF,0xFF,
0xFF,0xFF,0xFF,0xFF,0xFF,0xFF,0xFF,0xFF,0xFF,0xFF,0xFF,0xFF,0xFF,0xFF,0xFF,0xFF,
0xFF,0xFF,0xFF,0xFF,0xFF,0xFF,0xFF,0xFF,0xFF,0xFF,0xFF,0xFF,0xFF,0xFF,0xFF,0xFF,
0xFF,0xFF,0xFF,0xFF,0xFF,0xFF,0xFF,0xFF,0xFF,0xFF,0xFF,0xFF,0xFF,0xFF,0xFF,0xFF,
0xFF,0xFF,0xFF,0xFF,0xFF,0xFF,0xFF,0xFF,0xFF,0xFF,0xFF,0xFF,0xFF,0xFF,0xFF,0xFF,
0xFF,0xFF,0xFF,0xFF,0xFF,0xFF,0xFF,0xFF,0xFF,0xFF,0xFF,0xFF,0xFF,0xFF,0xFF,0xFF,
0xFF,0xFF,0xFF,0xFF,0xFF,0xFF,0xFF,0xFF,0xFF,0xFF,0xFF,0xFF,0xFF,0xFF,0xFF,0xFF,
0xFF,0xFF,0xFF,0xFF,0xFF,0xFF,0xFF,0xFF,0xFF,0xFF,0xFF,0xFF,0xFF,0xFF,0xFF,0xFF,
0xFF,0xFF,0xFF,0xFF,0xFF,0xFF,0xFF,0xFF,0xFF,0xFF,0xFF,0xFF,0xFF,0xFF,0xFF,0xFF,
0xFF,0xFF,0xFF,0xFF,0xFF,0x80,0x00,0x00,0x00,0x00,0x00,0x0F,0xFF,0xFF,0xFF,0xFF,
0xFF,0xFF,0xFF,0xFF,0xFE,0x00,0x00,0x00,0x00,0x00,0x00,0x03,0xFF,0xFF,0xFF,0xFF,
0xFF,0xFF,0xFF,0xFF,0xFC,0x00,0x00,0x00,0x00,0x00,0x00,0x01,0xFF,0xFF,0xFF,0xFF,
0xFF,0xFF,0xFF,0xFF,0xFC,0x00,0x00,0x00,0x00,0x00,0x00,0x01,0xFF,0xFF,0xFF,0xFF,
0xFF,0xFF,0xFF,0xFF,0xF8,0x00,0x00,0x00,0x00,0x00,0x00,0x00,0xFF,0xFF,0xFF,0xFF,
0xFF,0xFF,0xFF,0xFF,0xF8,0x3F,0xFF,0xFF,0xFF,0xFF,0xFF,0xE0,0xFF,0xFF,0xFF,0xFF,
0xFF,0xFF,0xFF,0xFF,0xF8,0x3F,0xFF,0xFF,0xFF,0xFF,0xFF,0xE0,0xFF,0xFF,0xFF,0xFF,
0xFF,0xFF,0xFF,0xFF,0xF8,0x3F,0xFF,0xFF,0xFF,0xFF,0xFF,0xE0,0xFF,0xFF,0xFF,0xFF,
0xFF,0xFF,0xFF,0xFF,0xF8,0x3F,0xFF,0xFF,0xFF,0xFF,0xFF,0xE0,0xFF,0xFF,0xFF,0xFF,
0xFF,0xFF,0xFF,0xFF,0xC0,0x3E,0x07,0xC0,0xF8,0x1F,0x03,0xE0,0xFF,0xFF,0xFF,0xFF,
0xFF,0xFF,0xFF,0xFF,0x80,0x3E,0x07,0xC0,0xF8,0x1F,0x03,0xE0,0xFF,0xFF,0xFF,0xFF,
0xFF,0xFF,0xFF,0xFF,0x80,0x3E,0x07,0xC0,0xF8,0x1F,0x03,0xE0,0xFF,0xFF,0xFF,0xFF,
0xFF,0xFF,0xFF,0xFF,0x00,0x3E,0x07,0xC0,0xF8,0x1F,0x03,0xE0,0xFF,0xFF,0xFF,0xFF,
0xFF,0xFF,0xFF,0xFF,0x00,0x3E,0x07,0xC0,0xF8,0x1F,0x03,0xE0,0xFF,0xFF,0xFF,0xFF,
0xFF,0xFF,0xFF,0xFF,0x00,0x3E,0x07,0xC0,0xF8,0x1F,0x03,0xE0,0xFF,0xFF,0xFF,0xFF,
0xFF,0xFF,0xFF,0xFF,0x00,0x3E,0x07,0xC0,0xF8,0x1F,0x03,0xE0,0xFF,0xFF,0xFF,0xFF,
0xFF,0xFF,0xFF,0xFF,0x00,0x3E,0x07,0xC0,0xF8,0x1F,0x03,0xE0,0xFF,0xFF,0xFF,0xFF,
0xFF,0xFF,0xFF,0xFF,0x00,0x3E,0x07,0xC0,0xF8,0x1F,0x03,0xE0,0xFF,0xFF,0xFF,0xFF,
0xFF,0xFF,0xFF,0xFF,0x00,0x3E,0x07,0xC0,0xF8,0x1F,0x03,0xE0,0xFF,0xFF,0xFF,0xFF,
0xFF,0xFF,0xFF,0xFF,0x00,0x3E,0x07,0xC0,0xF8,0x1F,0x03,0xE0,0xFF,0xFF,0xFF,0xFF,
0xFF,0xFF,0xFF,0xFF,0x00,0x3E,0x07,0xC0,0xF8,0x1F,0x03,0xE0,0xFF,0xFF,0xFF,0xFF,
0xFF,0xFF,0xFF,0xFF,0x00,0x3E,0x07,0xC0,0xF8,0x1F,0x03,0xE0,0xFF,0xFF,0xFF,0xFF,
0xFF,0xFF,0xFF,0xFF,0x00,0x3E,0x07,0xC0,0xF8,0x1F,0x03,0xE0,0xFF,0xFF,0xFF,0xFF,
0xFF,0xFF,0xFF,0xFF,0x00,0x3E,0x07,0xC0,0xF8,0x1F,0x03,0xE0,0xFF,0xFF,0xFF,0xFF,
0xFF,0xFF,0xFF,0xFF,0x00,0x3E,0x07,0xC0,0xF8,0x1F,0x03,0xE0,0xFF,0xFF,0xFF,0xFF,
0xFF,0xFF,0xFF,0xFF,0x00,0x3E,0x07,0xC0,0xF8,0x1F,0x03,0xE0,0xFF,0xFF,0xFF,0xFF,
0xFF,0xFF,0xFF,0xFF,0x00,0x3E,0x07,0xC0,0xF8,0x1F,0x03,0xE0,0xFF,0xFF,0xFF,0xFF,
0xFF,0xFF,0xFF,0xFF,0x00,0x3E,0x07,0xC0,0xF8,0x1F,0x03,0xE0,0xFF,0xFF,0xFF,0xFF,
0xFF,0xFF,0xFF,0xFF,0x80,0x3E,0x07,0xC0,0xF8,0x1F,0x03,0xE0,0xFF,0xFF,0xFF,0xFF,
0xFF,0xFF,0xFF,0xFF,0x80,0x3E,0x07,0xC0,0xF8,0x1F,0x03,0xE0,0xFF,0xFF,0xFF,0xFF,
0xFF,0xFF,0xFF,0xFF,0xC0,0x3E,0x07,0xC0,0xF8,0x1F,0x03,0xE0,0xFF,0xFF,0xFF,0xFF,
0xFF,0xFF,0xFF,0xFF,0xF8,0x3F,0xFF,0xFF,0xFF,0xFF,0xFF,0xE0,0xFF,0xFF,0xFF,0xFF,
0xFF,0xFF,0xFF,0xFF,0xF8,0x3F,0xFF,0xFF,0xFF,0xFF,0xFF,0xE0,0xFF,0xFF,0xFF,0xFF,
0xFF,0xFF,0xFF,0xFF,0xF8,0x3F,0xFF,0xFF,0xFF,0xFF,0xFF,0xE0,0xFF,0xFF,0xFF,0xFF,
0xFF,0xFF,0xFF,0xFF,0xF8,0x3F,0xFF,0xFF,0xFF,0xFF,0xFF,0xE0,0xFF,0xFF,0xFF,0xFF,
0xFF,0xFF,0xFF,0xFF,0xF8,0x00,0x00,0x00,0x00,0x00,0x00,0x00,0xFF,0xFF,0xFF,0xFF,
0xFF,0xFF,0xFF,0xFF,0xFC,0x00,0x00,0x00,0x00,0x00,0x00,0x01,0xFF,0xFF,0xFF,0xFF,
0xFF,0xFF,0xFF,0xFF,0xFC,0x00,0x00,0x00,0x00,0x00,0x00,0x01,0xFF,0xFF,0xFF,0xFF,
0xFF,0xFF,0xFF,0xFF,0xFE,0x00,0x00,0x00,0x00,0x00,0x00,0x03,0xFF,0xFF,0xFF,0xFF,
0xFF,0xFF,0xFF,0xFF,0xFF,0x80,0x00,0x00,0x00,0x00,0x00,0x0F,0xFF,0xFF,0xFF,0xFF,
0xFF,0xFF,0xFF,0xFF,0xFF,0xFF,0xFF,0xFF,0xFF,0xFF,0xFF,0xFF,0xFF,0xFF,0xFF,0xFF,
0xFF,0xFF,0xFF,0xFF,0xFF,0xFF,0xFF,0xFF,0xFF,0xFF,0xFF,0xFF,0xFF,0xFF,0xFF,0xFF,
0xFF,0xFF,0xFF,0xFF,0xFF,0xFF,0xFF,0xFF,0xFF,0xFF,0xFF,0xFF,0xFF,0xFF,0xFF,0xFF,
0xFF,0xFF,0xFF,0xFF,0xFF,0xFF,0xFF,0xFF,0xFF,0xFF,0xFF,0xFF,0xFF,0xFF,0xFF,0xFF,
0xFF,0xFF,0xFF,0xFF,0xFF,0xFF,0xFF,0xFF,0xFF,0xFF,0xFF,0xFF,0xFF,0xFF,0xFF,0xFF,
0xFF,0xFF,0xFF,0xFF,0xFF,0xFF,0xFF,0xFF,0xFF,0xFF,0xFF,0xFF,0xFF,0xFF,0xFF,0xFF,
0xFF,0xFF,0xFF,0xFF,0xFF,0xFF,0xFF,0xFF,0xFF,0xFF,0xFF,0xFF,0xFF,0xFF,0xFF,0xFF,
0xFF,0xFF,0xFF,0xFF,0xFF,0xFF,0xFF,0xFF,0xFF,0xFF,0xFF,0xFF,0xFF,0xFF,0xFF,0xFF,
0xFF,0xFF,0xFF,0xFF,0xFF,0xFF,0xFF,0xFF,0xFF,0xFF,0xFF,0xFF,0xFF,0xFF,0xFF,0xFF,
0xFF,0xFF,0xFF,0xFF,0xFF,0xFF,0xFF,0xFF,0xFF,0xFF,0xFF,0xFF,0xFF,0xFF,0xFF,0xFF,
0xFF,0xFF,0xFF,0xFF,0xFF,0xFF,0xFF,0xFF,0xFF,0xFF,0xFF,0xFF,0xFF,0xFF,0xFF,0xFF,
0xFF,0xFF,0xFF,0xFF,0xFF,0xFF,0xFF,0xFF,0xFF,0xFF,0xFF,0xFF,0xFF,0xFF,0xFF,0xFF,
0xFF,0xFF,0xFF,0xFF,0xFF,0xFF,0xFF,0xFF,0xFF,0xFF,0xFF,0xFF,0xFF,0xFF,0xFF,0xFF,
</frame>
</bitmap>
</power_off_charge>

<enter_need_power_supplly>
        <enable>1</enable>
        <sx>0</sx>
        <sy>64</sy>
        <height>64</height>
        <width>128</width>
        <size>1024</size>
        <priority>30</priority>
        <bmp_current>0</bmp_current>
        <bmp_total>1</bmp_total>
        <code>0</code>		
        <bitmap>
		<frame>0xFF,0xFF,0xFF,0xFF,0xFF,0xFF,0xFF,0xFF,0xFF,0xFF,0xFF,0xFF,0xFF,0xFF,0xFF,0xFF,
0xFF,0xFF,0xFF,0xFF,0xFF,0xFF,0xFF,0xFF,0xFF,0xFF,0xFF,0xFF,0xFF,0xFF,0xFF,0xFF,
0xFF,0xFF,0xFF,0xFF,0xFF,0xFF,0xFF,0xFF,0xFF,0xFF,0xFF,0xFF,0xFF,0xFF,0xFF,0xFF,
0xFF,0xFF,0xFF,0xFF,0xFF,0xFF,0xFF,0xFF,0xFF,0xFF,0xFF,0xFF,0xFF,0xFF,0xFF,0xFF,
0xFF,0xFF,0xFF,0xFF,0xFF,0xFF,0xFF,0xFF,0xFF,0xFF,0xFF,0xFF,0xFF,0xFF,0xFF,0xFF,
0xFF,0xFF,0xFF,0xFF,0xFF,0xFF,0xFF,0xFF,0xFF,0xFF,0xFF,0xFF,0xFF,0xFF,0xFF,0xFF,
0xFF,0xFF,0xFF,0xFF,0xFF,0xFF,0xFF,0xFF,0xFF,0xFF,0xFF,0xFF,0xFF,0xFF,0xFF,0xFF,
0xFF,0xFF,0xFF,0xFF,0xFF,0xFF,0xFF,0xFF,0xFF,0xFF,0xFF,0xFF,0xFF,0xFF,0xFF,0xFF,
0xFF,0xFF,0xFF,0xFF,0xFF,0xFF,0xFF,0xFF,0xFF,0xFF,0xFF,0xFF,0xFF,0xFF,0xFF,0xFF,
0xFF,0xFF,0xFF,0xFF,0xFF,0xFF,0xFF,0xFF,0xFF,0xFF,0xFF,0xFF,0xFF,0xFF,0xFF,0xFF,
0xFF,0xFF,0xFF,0xFF,0xFF,0xFF,0xFF,0xFF,0xFF,0xFF,0xFF,0xFF,0xFF,0xFF,0xFF,0xFF,
0xFF,0xFF,0xFF,0xFF,0xFF,0xFF,0xFF,0xFF,0xFF,0xFF,0xFF,0xFF,0xFF,0xFF,0xFF,0xFF,
0xFF,0xFF,0xFF,0xFF,0xFF,0xFF,0xFF,0xFF,0xFF,0xFF,0xFF,0xFF,0xFF,0xFF,0xFF,0xFF,
0xFF,0xFF,0xFF,0xFF,0xFF,0xFF,0xFF,0xFF,0xFF,0xFF,0xFF,0xFF,0xFF,0xFF,0xFF,0xFF,
0xFF,0xFF,0xFF,0xFF,0xFF,0xFF,0xFF,0xFF,0xFF,0xFF,0xFF,0xFF,0xFF,0xFF,0xFF,0xFF,
0xFF,0xFF,0xFF,0xFF,0xFF,0xFF,0xFF,0xFF,0xFF,0xFF,0xFF,0xFF,0xFF,0xFF,0xFF,0xFF,
0xFF,0xFF,0xFF,0xFF,0xFF,0xFF,0xFF,0xFF,0xFF,0xFF,0xFF,0xFF,0xFF,0xFF,0xFF,0xFF,
0xFF,0xFF,0xFF,0xFF,0xFF,0xFF,0xFF,0xFF,0xFF,0xFF,0xFF,0xFF,0xFF,0xFF,0xFF,0xFF,
0xFF,0xFF,0xFF,0xFF,0xFF,0xFF,0xF3,0xFF,0xFF,0xE7,0xFF,0xFF,0xFF,0xFF,0xFF,0xFF,
0xFF,0xFF,0xFF,0xFF,0xFF,0xFF,0xE1,0xFF,0xFF,0xC3,0xFF,0xFF,0xFF,0xFF,0xFF,0xFF,
0xFF,0xFF,0xFF,0xFF,0xFF,0xFF,0xC0,0xFF,0xFF,0x81,0xFF,0xFF,0xFF,0xFF,0xFF,0xFF,
0xFF,0xFF,0xFF,0xFF,0xFF,0xFF,0xC0,0x7F,0xFF,0x01,0xFF,0xFF,0xFF,0xFF,0xFF,0xFF,
0xFF,0xFF,0xFF,0xFF,0xFF,0xFF,0xE0,0x3F,0xFE,0x03,0xFF,0xFF,0xFF,0xFF,0xFF,0xFF,
0xFF,0xFF,0xFF,0xFF,0xFF,0xFF,0xF0,0x1F,0xFC,0x07,0xFF,0xFF,0xFF,0xFF,0xFF,0xFF,
0xFF,0xFF,0xFF,0xFF,0xFF,0xFF,0xF8,0x0F,0xF8,0x0F,0xFF,0xFF,0xFF,0xFF,0xFF,0xFF,
0xFF,0xFF,0xFF,0xFF,0xFF,0xFF,0xFC,0x07,0xF0,0x1F,0xFF,0xFF,0xFF,0xFF,0xFF,0xFF,
0xFF,0xFF,0xFF,0xFF,0xFF,0xFF,0xFE,0x03,0xE0,0x3F,0xFF,0xFF,0xFF,0xFF,0xFF,0xFF,
0xFF,0xFF,0xFF,0xFF,0xFF,0xFF,0xFF,0x01,0xC0,0x7F,0xFF,0xFF,0xFF,0xFF,0xFF,0xFF,
0xFF,0xFF,0xFF,0xFF,0xFF,0xFF,0xFF,0x80,0x80,0xFF,0xFF,0xFF,0xFF,0xFF,0xFF,0xFF,
0xFF,0xFF,0xFF,0xFF,0xFF,0xFF,0xFF,0xC0,0x01,0xFF,0xFF,0xFF,0xFF,0xFF,0xFF,0xFF,
0xFF,0xFF,0xFF,0xFF,0xFF,0xFF,0xFF,0xE0,0x03,0xFF,0xFF,0xFF,0xFF,0xFF,0xFF,0xFF,
0xFF,0xFF,0xFF,0xFF,0xFF,0xFF,0xFF,0xF0,0x07,0xFF,0xFF,0xFF,0xFF,0xFF,0xFF,0xFF,
0xFF,0xFF,0xFF,0xFF,0xFF,0xFF,0xFF,0xF8,0x0F,0xFF,0xFF,0xFF,0xFF,0xFF,0xFF,0xFF,
0xFF,0xFF,0xFF,0xFF,0xFF,0xFF,0xFF,0xF0,0x07,0xFF,0xFF,0xFF,0xFF,0xFF,0xFF,0xFF,
0xFF,0xFF,0xFF,0xFF,0xFF,0xFF,0xFF,0xE0,0x03,0xFF,0xFF,0xFF,0xFF,0xFF,0xFF,0xFF,
0xFF,0xFF,0xFF,0xFF,0xFF,0xFF,0xFF,0xC0,0x01,0xFF,0xFF,0xFF,0xFF,0xFF,0xFF,0xFF,
0xFF,0xFF,0xFF,0xFF,0xFF,0xFF,0xFF,0x80,0x80,0xFF,0xFF,0xFF,0xFF,0xFF,0xFF,0xFF,
0xFF,0xFF,0xFF,0xFF,0xFF,0xFF,0xFF,0x01,0xC0,0x7F,0xFF,0xFF,0xFF,0xFF,0xFF,0xFF,
0xFF,0xFF,0xFF,0xFF,0xFF,0xFF,0xFE,0x03,0xE0,0x3F,0xFF,0xFF,0xFF,0xFF,0xFF,0xFF,
0xFF,0xFF,0xFF,0xFF,0xFF,0xFF,0xFC,0x07,0xF0,0x1F,0xFF,0xFF,0xFF,0xFF,0xFF,0xFF,
0xFF,0xFF,0xFF,0xFF,0xFF,0xFF,0xF8,0x0F,0xF8,0x0F,0xFF,0xFF,0xFF,0xFF,0xFF,0xFF,
0xFF,0xFF,0xFF,0xFF,0xFF,0xFF,0xF0,0x1F,0xFC,0x07,0xFF,0xFF,0xFF,0xFF,0xFF,0xFF,
0xFF,0xFF,0xFF,0xFF,0xFF,0xFF,0xE0,0x3F,0xFE,0x03,0xFF,0xFF,0xFF,0xFF,0xFF,0xFF,
0xFF,0xFF,0xFF,0xFF,0xFF,0xFF,0xC0,0x7F,0xFF,0x01,0xFF,0xFF,0xFF,0xFF,0xFF,0xFF,
0xFF,0xFF,0xFF,0xFF,0xFF,0xFF,0xC0,0xFF,0xFF,0x81,0xFF,0xFF,0xFF,0xFF,0xFF,0xFF,
0xFF,0xFF,0xFF,0xFF,0xFF,0xFF,0xE1,0xFF,0xFF,0xC3,0xFF,0xFF,0xFF,0xFF,0xFF,0xFF,
0xFF,0xFF,0xFF,0xFF,0xFF,0xFF,0xF3,0xFF,0xFF,0xE7,0xFF,0xFF,0xFF,0xFF,0xFF,0xFF,
0xFF,0xFF,0xFF,0xFF,0xFF,0xFF,0xFF,0xFF,0xFF,0xFF,0xFF,0xFF,0xFF,0xFF,0xFF,0xFF,
0xFF,0xFF,0xFF,0xFF,0xFF,0xFF,0xFF,0xFF,0xFF,0xFF,0xFF,0xFF,0xFF,0xFF,0xFF,0xFF,
0xFF,0xFF,0xFF,0xFF,0xFF,0xFF,0xFF,0xFF,0xFF,0xFF,0xFF,0xFF,0xFF,0xFF,0xFF,0xFF,
0xFF,0xFF,0xFF,0xFF,0xFF,0xFF,0xFF,0xFF,0xFF,0xFF,0xFF,0xFF,0xFF,0xFF,0xFF,0xFF,
0xFF,0xFF,0xFF,0xFF,0xFF,0xFF,0xFF,0xFF,0xFF,0xFF,0xFF,0xFF,0xFF,0xFF,0xFF,0xFF,
0xFF,0xFF,0xFF,0xFF,0xFF,0xFF,0xFF,0xFF,0xFF,0xFF,0xFF,0xFF,0xFF,0xFF,0xFF,0xFF,
0xFF,0xFF,0xFF,0xFF,0xFF,0xFF,0xFF,0xFF,0xFF,0xFF,0xFF,0xFF,0xFF,0xFF,0xFF,0xFF,
0xFF,0xFF,0xFF,0xFF,0xFF,0xFF,0xFF,0xFF,0xFF,0xFF,0xFF,0xFF,0xFF,0xFF,0xFF,0xFF,
0xFF,0xFF,0xFF,0xFF,0xFF,0xFF,0xFF,0xFF,0xFF,0xFF,0xFF,0xFF,0xFF,0xFF,0xFF,0xFF,
0xFF,0xFF,0xFF,0xFF,0xFF,0xFF,0xFF,0xFF,0xFF,0xFF,0xFF,0xFF,0xFF,0xFF,0xFF,0xFF,
0xFF,0xFF,0xFF,0xFF,0xFF,0xFF,0xFF,0xFF,0xFF,0xFF,0xFF,0xFF,0xFF,0xFF,0xFF,0xFF,
0xFF,0xFF,0xFF,0xFF,0xFF,0xFF,0xFF,0xFF,0xFF,0xFF,0xFF,0xFF,0xFF,0xFF,0xFF,0xFF,
0xFF,0xFF,0xFF,0xFF,0xFF,0xFF,0xFF,0xFF,0xFF,0xFF,0xFF,0xFF,0xFF,0xFF,0xFF,0xFF,
0xFF,0xFF,0xFF,0xFF,0xFF,0xFF,0xFF,0xFF,0xFF,0xFF,0xFF,0xFF,0xFF,0xFF,0xFF,0xFF,
0xFF,0xFF,0xFF,0xFF,0xFF,0xFF,0xFF,0xFF,0xFF,0xFF,0xFF,0xFF,0xFF,0xFF,0xFF,0xFF,
0xFF,0xFF,0xFF,0xFF,0xFF,0xFF,0xFF,0xFF,0xFF,0xFF,0xFF,0xFF,0xFF,0xFF,0xFF,0xFF,
0xFF,0xFF,0xFF,0xFF,0xFF,0xFF,0xFF,0xFF,0xFF,0xFF,0xFF,0xFF,0xFF,0xFF,0xFF,0xFF,</frame>
		</bitmap> 
	</enter_need_power_supplly>
	
	<exit_need_power_supply>
        <enable>1</enable>
        <sx>0</sx>
        <sy>64</sy>
        <height>64</height>
        <width>128</width>
        <size>1024</size>
        <priority>30</priority>
        <bmp_current>0</bmp_current>
        <bmp_total>1</bmp_total>
        <code>0</code>		
        <bitmap>
		<frame>0xFF,0xFF,0xFF,0xFF,0xFF,0xFF,0xFF,0xFF,0xFF,0xFF,0xFF,0xFF,0xFF,0xFF,0xFF,0xFF,
0xFF,0xFF,0xFF,0xFF,0xFF,0xFF,0xFF,0xFF,0xFF,0xFF,0xFF,0xFF,0xFF,0xFF,0xFF,0xFF,
0xFF,0xFF,0xFF,0xFF,0xFF,0xFF,0xFF,0xFF,0xFF,0xFF,0xFF,0xFF,0xFF,0xFF,0xFF,0xFF,
0xFF,0xFF,0xFF,0xFF,0xFF,0xFF,0xFF,0xFF,0xFF,0xFF,0xFF,0xFF,0xFF,0xFF,0xFF,0xFF,
0xFF,0xFF,0xFF,0xFF,0xFF,0xFF,0xFF,0xFF,0xFF,0xFF,0xFF,0xFF,0xFF,0xFF,0xFF,0xFF,
0xFF,0xFF,0xFF,0xFF,0xFF,0xFF,0xFF,0xFF,0xFF,0xFF,0xFF,0xFF,0xFF,0xFF,0xFF,0xFF,
0xFF,0xFF,0xFF,0xFF,0xFF,0xFF,0xFF,0xFF,0xFF,0xFF,0xFF,0xFF,0xFF,0xFF,0xFF,0xFF,
0xFF,0xFF,0xFF,0xFF,0xFF,0xFF,0xFF,0xFF,0xFF,0xFF,0xFF,0xFF,0xFF,0xFF,0xFF,0xFF,
0xFF,0xFF,0xFF,0xFF,0xFF,0xFF,0xFF,0xFF,0xFF,0xFF,0xFF,0xFF,0xFF,0xFF,0xFF,0xFF,
0xFF,0xFF,0xFF,0xFF,0xFF,0xFF,0xFF,0xFF,0xFF,0xFF,0xFF,0xFF,0xFF,0xFF,0xFF,0xFF,
0xFF,0xFF,0xFF,0xFF,0xFF,0xFF,0xFF,0xFF,0xFF,0xFF,0xFF,0xFF,0xFF,0xFF,0xFF,0xFF,
0xFF,0xFF,0xFF,0xFF,0xFF,0xFF,0xFF,0xFF,0xFF,0xFF,0xFF,0xFF,0xFF,0xFF,0xFF,0xFF,
0xFF,0xFF,0xFF,0xFF,0xFF,0xFF,0xFF,0xFF,0xFF,0xFF,0xFF,0xFF,0xFF,0xFF,0xFF,0xFF,
0xFF,0xFF,0xFF,0xFF,0xFF,0xFF,0xFF,0xFF,0xFF,0xFF,0xFF,0xFF,0xFF,0xFF,0xFF,0xFF,
0xFF,0xFF,0xFF,0xFF,0xFF,0xFF,0xFF,0xFF,0xFF,0xFF,0xFF,0xFF,0xFF,0xFF,0xFF,0xFF,
0xFF,0xFF,0xFF,0xFF,0xFF,0xFF,0xFF,0xFF,0xFF,0xFF,0xFC,0x7F,0xFF,0xFF,0xFF,0xFF,
0xFF,0xFF,0xFF,0xFF,0xFF,0xFF,0xFF,0xFF,0xFF,0xFF,0xF8,0x3F,0xFF,0xFF,0xFF,0xFF,
0xFF,0xFF,0xFF,0xFF,0xFF,0xFF,0xFF,0xFF,0xFF,0xFF,0xF0,0x3F,0xFF,0xFF,0xFF,0xFF,
0xFF,0xFF,0xFF,0xFF,0xFF,0xFF,0xFF,0xFF,0xFF,0xFF,0xE0,0x3F,0xFF,0xFF,0xFF,0xFF,
0xFF,0xFF,0xFF,0xFF,0xFF,0xFF,0xFF,0xFF,0xFF,0xFF,0xC0,0x7F,0xFF,0xFF,0xFF,0xFF,
0xFF,0xFF,0xFF,0xFF,0xFF,0xFF,0xFF,0xFF,0xFF,0xFF,0x80,0xFF,0xFF,0xFF,0xFF,0xFF,
0xFF,0xFF,0xFF,0xFF,0xFF,0xFF,0xFF,0xFF,0xFF,0xFF,0x01,0xFF,0xFF,0xFF,0xFF,0xFF,
0xFF,0xFF,0xFF,0xFF,0xFF,0xFF,0xFF,0xFF,0xFF,0xFE,0x03,0xFF,0xFF,0xFF,0xFF,0xFF,
0xFF,0xFF,0xFF,0xFF,0xFF,0xFF,0xFF,0xFF,0xFF,0xFC,0x07,0xFF,0xFF,0xFF,0xFF,0xFF,
0xFF,0xFF,0xFF,0xFF,0xFF,0xFF,0xFF,0xFF,0xFF,0xF8,0x0F,0xFF,0xFF,0xFF,0xFF,0xFF,
0xFF,0xFF,0xFF,0xFF,0xFF,0xFF,0xFF,0xFF,0xFF,0xF0,0x1F,0xFF,0xFF,0xFF,0xFF,0xFF,
0xFF,0xFF,0xFF,0xFF,0xFF,0xFF,0xFF,0xFF,0xFF,0xE0,0x3F,0xFF,0xFF,0xFF,0xFF,0xFF,
0xFF,0xFF,0xFF,0xFF,0xFF,0xFF,0xFF,0xFF,0xFF,0xC0,0x7F,0xFF,0xFF,0xFF,0xFF,0xFF,
0xFF,0xFF,0xFF,0xFF,0xFE,0x3F,0xFF,0xFF,0xFF,0x80,0xFF,0xFF,0xFF,0xFF,0xFF,0xFF,
0xFF,0xFF,0xFF,0xFF,0xFC,0x1F,0xFF,0xFF,0xFF,0x01,0xFF,0xFF,0xFF,0xFF,0xFF,0xFF,
0xFF,0xFF,0xFF,0xFF,0xFC,0x0F,0xFF,0xFF,0xFE,0x03,0xFF,0xFF,0xFF,0xFF,0xFF,0xFF,
0xFF,0xFF,0xFF,0xFF,0xFC,0x07,0xFF,0xFF,0xFC,0x07,0xFF,0xFF,0xFF,0xFF,0xFF,0xFF,
0xFF,0xFF,0xFF,0xFF,0xFE,0x03,0xFF,0xFF,0xF8,0x0F,0xFF,0xFF,0xFF,0xFF,0xFF,0xFF,
0xFF,0xFF,0xFF,0xFF,0xFF,0x01,0xFF,0xFF,0xF0,0x1F,0xFF,0xFF,0xFF,0xFF,0xFF,0xFF,
0xFF,0xFF,0xFF,0xFF,0xFF,0x80,0xFF,0xFF,0xE0,0x3F,0xFF,0xFF,0xFF,0xFF,0xFF,0xFF,
0xFF,0xFF,0xFF,0xFF,0xFF,0xC0,0x7F,0xFF,0xC0,0x7F,0xFF,0xFF,0xFF,0xFF,0xFF,0xFF,
0xFF,0xFF,0xFF,0xFF,0xFF,0xE0,0x3F,0xFF,0x80,0xFF,0xFF,0xFF,0xFF,0xFF,0xFF,0xFF,
0xFF,0xFF,0xFF,0xFF,0xFF,0xF0,0x1F,0xFF,0x01,0xFF,0xFF,0xFF,0xFF,0xFF,0xFF,0xFF,
0xFF,0xFF,0xFF,0xFF,0xFF,0xF8,0x0F,0xFE,0x03,0xFF,0xFF,0xFF,0xFF,0xFF,0xFF,0xFF,
0xFF,0xFF,0xFF,0xFF,0xFF,0xFC,0x07,0xFC,0x07,0xFF,0xFF,0xFF,0xFF,0xFF,0xFF,0xFF,
0xFF,0xFF,0xFF,0xFF,0xFF,0xFE,0x03,0xF8,0x0F,0xFF,0xFF,0xFF,0xFF,0xFF,0xFF,0xFF,
0xFF,0xFF,0xFF,0xFF,0xFF,0xFF,0x01,0xF0,0x1F,0xFF,0xFF,0xFF,0xFF,0xFF,0xFF,0xFF,
0xFF,0xFF,0xFF,0xFF,0xFF,0xFF,0x80,0xE0,0x3F,0xFF,0xFF,0xFF,0xFF,0xFF,0xFF,0xFF,
0xFF,0xFF,0xFF,0xFF,0xFF,0xFF,0xC0,0x40,0x7F,0xFF,0xFF,0xFF,0xFF,0xFF,0xFF,0xFF,
0xFF,0xFF,0xFF,0xFF,0xFF,0xFF,0xE0,0x00,0xFF,0xFF,0xFF,0xFF,0xFF,0xFF,0xFF,0xFF,
0xFF,0xFF,0xFF,0xFF,0xFF,0xFF,0xF0,0x01,0xFF,0xFF,0xFF,0xFF,0xFF,0xFF,0xFF,0xFF,
0xFF,0xFF,0xFF,0xFF,0xFF,0xFF,0xF8,0x03,0xFF,0xFF,0xFF,0xFF,0xFF,0xFF,0xFF,0xFF,
0xFF,0xFF,0xFF,0xFF,0xFF,0xFF,0xFC,0x07,0xFF,0xFF,0xFF,0xFF,0xFF,0xFF,0xFF,0xFF,
0xFF,0xFF,0xFF,0xFF,0xFF,0xFF,0xFE,0x0F,0xFF,0xFF,0xFF,0xFF,0xFF,0xFF,0xFF,0xFF,
0xFF,0xFF,0xFF,0xFF,0xFF,0xFF,0xFF,0x1F,0xFF,0xFF,0xFF,0xFF,0xFF,0xFF,0xFF,0xFF,
0xFF,0xFF,0xFF,0xFF,0xFF,0xFF,0xFF,0xFF,0xFF,0xFF,0xFF,0xFF,0xFF,0xFF,0xFF,0xFF,
0xFF,0xFF,0xFF,0xFF,0xFF,0xFF,0xFF,0xFF,0xFF,0xFF,0xFF,0xFF,0xFF,0xFF,0xFF,0xFF,
0xFF,0xFF,0xFF,0xFF,0xFF,0xFF,0xFF,0xFF,0xFF,0xFF,0xFF,0xFF,0xFF,0xFF,0xFF,0xFF,
0xFF,0xFF,0xFF,0xFF,0xFF,0xFF,0xFF,0xFF,0xFF,0xFF,0xFF,0xFF,0xFF,0xFF,0xFF,0xFF,
0xFF,0xFF,0xFF,0xFF,0xFF,0xFF,0xFF,0xFF,0xFF,0xFF,0xFF,0xFF,0xFF,0xFF,0xFF,0xFF,
0xFF,0xFF,0xFF,0xFF,0xFF,0xFF,0xFF,0xFF,0xFF,0xFF,0xFF,0xFF,0xFF,0xFF,0xFF,0xFF,
0xFF,0xFF,0xFF,0xFF,0xFF,0xFF,0xFF,0xFF,0xFF,0xFF,0xFF,0xFF,0xFF,0xFF,0xFF,0xFF,
0xFF,0xFF,0xFF,0xFF,0xFF,0xFF,0xFF,0xFF,0xFF,0xFF,0xFF,0xFF,0xFF,0xFF,0xFF,0xFF,
0xFF,0xFF,0xFF,0xFF,0xFF,0xFF,0xFF,0xFF,0xFF,0xFF,0xFF,0xFF,0xFF,0xFF,0xFF,0xFF,
0xFF,0xFF,0xFF,0xFF,0xFF,0xFF,0xFF,0xFF,0xFF,0xFF,0xFF,0xFF,0xFF,0xFF,0xFF,0xFF,
0xFF,0xFF,0xFF,0xFF,0xFF,0xFF,0xFF,0xFF,0xFF,0xFF,0xFF,0xFF,0xFF,0xFF,0xFF,0xFF,
0xFF,0xFF,0xFF,0xFF,0xFF,0xFF,0xFF,0xFF,0xFF,0xFF,0xFF,0xFF,0xFF,0xFF,0xFF,0xFF,
0xFF,0xFF,0xFF,0xFF,0xFF,0xFF,0xFF,0xFF,0xFF,0xFF,0xFF,0xFF,0xFF,0xFF,0xFF,0xFF,
0xFF,0xFF,0xFF,0xFF,0xFF,0xFF,0xFF,0xFF,0xFF,0xFF,0xFF,0xFF,0xFF,0xFF,0xFF,0xFF,</frame>
	</bitmap> 
    </exit_need_power_supply>

  <!-- ICON_CRADLE_MODE-->
  <cradle_mode>
    <enable>1</enable>
    <sx>6</sx>
    <sy>64</sy>
    <height>13</height>
    <width>14</width>
    <size>26</size>
    <priority>1</priority>
    <bmp_current>0</bmp_current>
    <bmp_total>1</bmp_total>
    <code>0</code>
    <bitmap>
      <frame>0xF0,0x3C,0xF0,0x3C,0xF0,0x3C,0xF0,0x3C,0xFC,0xFC,0x00,0x00,0x00,0x00,0xCF,0xCC,
             0x03,0x00,0x03,0x00,0x03,0x00,0x03,0x00,0x03,0x00,</frame>
	</bitmap>
  </cradle_mode>	
	
	  <!-- ICON_CRADLE_CONNECTED  -->
  <cardle_connected>
    <enable>1</enable>
    <sx>34</sx>
    <sy>64</sy>
    <code>0</code>
    <height>13</height>
    <width>13</width>
    <size>26</size>
    <priority>1</priority>
    <bmp_current>0</bmp_current>
    <bmp_total>1</bmp_total>
    <bitmap>
	   <frame>
      0xFF,0xFF,0xEF,0x18,0xC7,0x18,0x83,0x18,0x01,0x18,0xC7,0x18,0xC7,0x18,0xC7,0x18,
	  0xC4,0x00,0xC6,0x08,0xC7,0x18,0xC7,0xB8,0xFF,0xFF,</frame>
    </bitmap>
  </cardle_connected>
  
    <!-- ICON_MAX -->
    <max>
        <enable>0</enable>
        <sx>0</sx>
        <sy>0</sy>
        <code>0</code>
        <height>0</height>
        <width>0</width>
        <size>0</size>
        <priority>0</priority>
        <bmp_current>0</bmp_current>
        <bmp_total>0</bmp_total>
        <bitmap>0x0</bitmap> 
    </max>
</config>
