<?xml version="1.0" encoding="UTF-8"?>
<config>
	<Hosts>
		<Host>
			<HostIndex>1</HostIndex>
			<HostEnabled></HostEnabled>
			<HostHw></HostHw>
			<HostIp></HostIp>
		</Host>
		<Host>
			<HostIndex>2</HostIndex>
			<HostEnabled></HostEnabled>
			<HostHw></HostHw>
			<HostIp></HostIp>
		</Host>
		<Host>
			<HostIndex>3</HostIndex>
			<HostEnabled></HostEnabled>
			<HostHw></HostHw>
			<HostIp></HostIp>
		</Host>
		<Host>
			<HostIndex>4</HostIndex>
			<HostEnabled></HostEnabled>
			<HostHw></HostHw>
			<HostIp></HostIp>
		</Host>
		<Host>
			<HostIndex>5</HostIndex>
			<HostEnabled></HostEnabled>
			<HostHw></HostHw>
			<HostIp></HostIp>
		</Host>
		<Host>
			<HostIndex>6</HostIndex>
			<HostEnabled></HostEnabled>
			<HostHw></HostHw>
			<HostIp></HostIp>
		</Host>
		<Host>
			<HostIndex>7</HostIndex>
			<HostEnabled></HostEnabled>
			<HostHw></HostHw>
			<HostIp></HostIp>
		</Host>
		<Host>
			<HostIndex>8</HostIndex>
			<HostEnabled></HostEnabled>
			<HostHw></HostHw>
			<HostIp></HostIp>
		</Host>
		<Host>
			<HostIndex>9</HostIndex>
			<HostEnabled></HostEnabled>
			<HostHw></HostHw>
			<HostIp></HostIp>
		</Host>
		<Host>
			<HostIndex>10</HostIndex>
			<HostEnabled></HostEnabled>
			<HostHw></HostHw>
			<HostIp></HostIp>
		</Host>
	</Hosts>
</config>
