<?xml version="1.0" encoding="utf-8"?>
<offload_config>
  <wmr>
    <max_failed_times>3</max_failed_times>
    <fast_connect_enable>1</fast_connect_enable>
    <delay_timeout>25</delay_timeout>
    <failed_too_many_timeout>15</failed_too_many_timeout>
    <pingpong_timeout_wifi>20</pingpong_timeout_wifi>
    <pingpong_timeout_3gpp>30</pingpong_timeout_3gpp>
    <scan_timeout>15</scan_timeout>
    <wat_common_connect_timeout>60</wat_common_connect_timeout>
    <wat_3g_conect_timeout>154</wat_3g_conect_timeout>
    <wat_wifi_conect_timeout>125</wat_wifi_conect_timeout>
    <wat_cradle_conect_timeout>150</wat_cradle_conect_timeout>
    <wat_start_timeout>7</wat_start_timeout>
    <wat_disconect_timeout>44</wat_disconect_timeout>
    <service_idle_flux_threshold>10</service_idle_flux_threshold>
    <wat_flux_check_timeout>3</wat_flux_check_timeout>
    <first_connect_waiting_enable>0</first_connect_waiting_enable>
    <ondemand_unconnect_enable>0</ondemand_unconnect_enable>
    <wat_low_flux_count>5</wat_low_flux_count>
    <comm_wat_connect_protect_timeout>10</comm_wat_connect_protect_timeout>
    <ipv6_ondemand_enable>0</ipv6_ondemand_enable>
    <manu_dial_ondemand_enable>1</manu_dial_ondemand_enable>
  </wmr>
  <stacall_config>
    <band_24G>
	    <power_triger_scan_connected>-76</power_triger_scan_connected>
		<power_result_filter_no_conn>-71</power_result_filter_no_conn>
		<power_assoc_other_ap>-66</power_assoc_other_ap>
		<power_disassoc>-79</power_disassoc>
		<power_strength_table>
			<power>-78</power>
			<power>-75</power>
			<power>-70</power>
			<power>-65</power>
			<power>0</power>
		</power_strength_table>
	</band_24G>
    <band_5G>
		<power_triger_scan_connected>-69</power_triger_scan_connected>
		<power_result_filter_no_conn>-64</power_result_filter_no_conn>
		<power_assoc_other_ap>-59</power_assoc_other_ap>
		<power_disassoc>-72</power_disassoc>
		<power_strength_table>
			<power>-73</power>
			<power>-70</power>
			<power>-65</power>
			<power>-60</power>
			<power>0</power>
		</power_strength_table>
    </band_5G>
    <rssi_interfere_LTE>0</rssi_interfere_LTE>
    <rssi_interfere_Wimax>0</rssi_interfere_Wimax>
    <channel_interfere_24G>0</channel_interfere_24G>
    <channel_interfere_5G>0</channel_interfere_5G>
    <num_scan_ssid>9</num_scan_ssid>
    <period_scan_connected>10</period_scan_connected>
    <period_check_rssi>3</period_check_rssi>
    <counter_normal>2</counter_normal>
    <counter_triger_scan>3</counter_triger_scan>
    <counter_disconnect>3</counter_disconnect>
    <filter_channel_12_to_14>0</filter_channel_12_to_14>
    <use_per_measure>0</use_per_measure>
    <use_txrate_measure>0</use_txrate_measure>
    <per_limit>50</per_limit>
    <tx_rate_limit>20</tx_rate_limit>
    <con_scan_merge_num>1</con_scan_merge_num>
    <power_invalid_limit>-150</power_invalid_limit>
    <order>8243</order>
    <connect_repeat_time>1</connect_repeat_time>
    <counter_tx_rate>2</counter_tx_rate>
    <user_defined_profile_flux_report>1</user_defined_profile_flux_report>
    <scan_timeout>13</scan_timeout>
    <connect_timeout>30</connect_timeout>
    <connect_table_limit>3</connect_table_limit>
    <wpa_supplicant_conf_limit>100</wpa_supplicant_conf_limit>
    <enable_dhcpv6>1</enable_dhcpv6>
    <keep_alive_ap>45000</keep_alive_ap>
    <pwr_vote_timeout>90</pwr_vote_timeout>
    <pwr_vote_delay>20</pwr_vote_delay>
    <user_adjust_pri>0</user_adjust_pri>
    <period_scan_no_conn>
      <period>0</period>
      <period>30</period>
      <period>60</period>
      <period>120</period>
      <period>240</period>
      <period>240</period>
    </period_scan_no_conn>
    <profile_forbid_policy>0</profile_forbid_policy>
    <wispr>
      <init_url></init_url>
      <keep_alive_host></keep_alive_host>
      <user_agent></user_agent>
      <iface_name></iface_name>
      <keep_alive></keep_alive>
      <login_timeout_ms></login_timeout_ms>
      <logoff_timeout_ms></logoff_timeout_ms>
      <debug_flags></debug_flags>
      <debug>
        <name></name>
        <name></name>
      </debug>
      <CA>
        <file></file>
        <file></file>
        <file></file>
        <file></file>
        <file></file>
      </CA>
      <domain>
        <name></name>
        <name></name>
        <name></name>
      </domain>
      <redirect>
        <name></name>
      </redirect>
    </wispr>
    <wpa_supplicant>
      <eap_aka_realm></eap_aka_realm>
    </wpa_supplicant>
  </stacall_config>
  <call_config>
    <connect_timeout>152</connect_timeout>
    <lte_single_pdn_enable>0</lte_single_pdn_enable>
    <cdma1x_evdo_ipv4_only>0</cdma1x_evdo_ipv4_only>
  </call_config>
  <wifi_ap_config>
    <wan_nolink_auto_close_wifi_time>60</wan_nolink_auto_close_wifi_time>
  </wifi_ap_config>
</offload_config>
