<?xml version="1.0" encoding="UTF-8"?>
<config>
	<lanports>
		<lanport>
			<specialapplicationtriggername/>
			<specialapplicationtriggerport>0</specialapplicationtriggerport>
			<specialapplicationtriggerportend>0</specialapplicationtriggerportend>
			<specialapplicationtriggerprotocol>0</specialapplicationtriggerprotocol>
			<specialapplicationstartopenport0>0</specialapplicationstartopenport0>
			<specialapplicationendopenport0>0</specialapplicationendopenport0>
			<specialapplicationstartopenport1>0</specialapplicationstartopenport1>
			<specialapplicationendopenport1>0</specialapplicationendopenport1>
			<specialapplicationstartopenport2>0</specialapplicationstartopenport2>
			<specialapplicationendopenport2>0</specialapplicationendopenport2>
			<specialapplicationstartopenport3>0</specialapplicationstartopenport3>
			<specialapplicationendopenport3>0</specialapplicationendopenport3>
			<specialapplicationstartopenport4>0</specialapplicationstartopenport4>
			<specialapplicationendopenport4>0</specialapplicationendopenport4>
			<specialapplicationtriggerstatus>0</specialapplicationtriggerstatus>
			<specialapplicationopenprotocol>0</specialapplicationopenprotocol>
		</lanport>
		<lanport>
			<specialapplicationtriggername/>
			<specialapplicationtriggerport>0</specialapplicationtriggerport>
			<specialapplicationtriggerportend>0</specialapplicationtriggerportend>
			<specialapplicationtriggerprotocol>0</specialapplicationtriggerprotocol>
			<specialapplicationstartopenport0>0</specialapplicationstartopenport0>
			<specialapplicationendopenport0>0</specialapplicationendopenport0>
			<specialapplicationstartopenport1>0</specialapplicationstartopenport1>
			<specialapplicationendopenport1>0</specialapplicationendopenport1>
			<specialapplicationstartopenport2>0</specialapplicationstartopenport2>
			<specialapplicationendopenport2>0</specialapplicationendopenport2>
			<specialapplicationstartopenport3>0</specialapplicationstartopenport3>
			<specialapplicationendopenport3>0</specialapplicationendopenport3>
			<specialapplicationstartopenport4>0</specialapplicationstartopenport4>
			<specialapplicationendopenport4>0</specialapplicationendopenport4>
			<specialapplicationtriggerstatus>0</specialapplicationtriggerstatus>
			<specialapplicationopenprotocol>0</specialapplicationopenprotocol>
		</lanport>
		<lanport>
			<specialapplicationtriggername/>
			<specialapplicationtriggerport>0</specialapplicationtriggerport>
			<specialapplicationtriggerportend>0</specialapplicationtriggerportend>
			<specialapplicationtriggerprotocol>0</specialapplicationtriggerprotocol>
			<specialapplicationstartopenport0>0</specialapplicationstartopenport0>
			<specialapplicationendopenport0>0</specialapplicationendopenport0>
			<specialapplicationstartopenport1>0</specialapplicationstartopenport1>
			<specialapplicationendopenport1>0</specialapplicationendopenport1>
			<specialapplicationstartopenport2>0</specialapplicationstartopenport2>
			<specialapplicationendopenport2>0</specialapplicationendopenport2>
			<specialapplicationstartopenport3>0</specialapplicationstartopenport3>
			<specialapplicationendopenport3>0</specialapplicationendopenport3>
			<specialapplicationstartopenport4>0</specialapplicationstartopenport4>
			<specialapplicationendopenport4>0</specialapplicationendopenport4>
			<specialapplicationtriggerstatus>0</specialapplicationtriggerstatus>
			<specialapplicationopenprotocol>0</specialapplicationopenprotocol>
		</lanport>
		<lanport>
			<specialapplicationtriggername/>
			<specialapplicationtriggerport>0</specialapplicationtriggerport>
			<specialapplicationtriggerportend>0</specialapplicationtriggerportend>
			<specialapplicationtriggerprotocol>0</specialapplicationtriggerprotocol>
			<specialapplicationstartopenport0>0</specialapplicationstartopenport0>
			<specialapplicationendopenport0>0</specialapplicationendopenport0>
			<specialapplicationstartopenport1>0</specialapplicationstartopenport1>
			<specialapplicationendopenport1>0</specialapplicationendopenport1>
			<specialapplicationstartopenport2>0</specialapplicationstartopenport2>
			<specialapplicationendopenport2>0</specialapplicationendopenport2>
			<specialapplicationstartopenport3>0</specialapplicationstartopenport3>
			<specialapplicationendopenport3>0</specialapplicationendopenport3>
			<specialapplicationstartopenport4>0</specialapplicationstartopenport4>
			<specialapplicationendopenport4>0</specialapplicationendopenport4>
			<specialapplicationtriggerstatus>0</specialapplicationtriggerstatus>
			<specialapplicationopenprotocol>0</specialapplicationopenprotocol>
		</lanport>
		<lanport>
			<specialapplicationtriggername/>
			<specialapplicationtriggerport>0</specialapplicationtriggerport>
			<specialapplicationtriggerportend>0</specialapplicationtriggerportend>
			<specialapplicationtriggerprotocol>0</specialapplicationtriggerprotocol>
			<specialapplicationstartopenport0>0</specialapplicationstartopenport0>
			<specialapplicationendopenport0>0</specialapplicationendopenport0>
			<specialapplicationstartopenport1>0</specialapplicationstartopenport1>
			<specialapplicationendopenport1>0</specialapplicationendopenport1>
			<specialapplicationstartopenport2>0</specialapplicationstartopenport2>
			<specialapplicationendopenport2>0</specialapplicationendopenport2>
			<specialapplicationstartopenport3>0</specialapplicationstartopenport3>
			<specialapplicationendopenport3>0</specialapplicationendopenport3>
			<specialapplicationstartopenport4>0</specialapplicationstartopenport4>
			<specialapplicationendopenport4>0</specialapplicationendopenport4>
			<specialapplicationtriggerstatus>0</specialapplicationtriggerstatus>
			<specialapplicationopenprotocol>0</specialapplicationopenprotocol>
		</lanport>
		<lanport>
			<specialapplicationtriggername/>
			<specialapplicationtriggerport>0</specialapplicationtriggerport>
			<specialapplicationtriggerportend>0</specialapplicationtriggerportend>
			<specialapplicationtriggerprotocol>0</specialapplicationtriggerprotocol>
			<specialapplicationstartopenport0>0</specialapplicationstartopenport0>
			<specialapplicationendopenport0>0</specialapplicationendopenport0>
			<specialapplicationstartopenport1>0</specialapplicationstartopenport1>
			<specialapplicationendopenport1>0</specialapplicationendopenport1>
			<specialapplicationstartopenport2>0</specialapplicationstartopenport2>
			<specialapplicationendopenport2>0</specialapplicationendopenport2>
			<specialapplicationstartopenport3>0</specialapplicationstartopenport3>
			<specialapplicationendopenport3>0</specialapplicationendopenport3>
			<specialapplicationstartopenport4>0</specialapplicationstartopenport4>
			<specialapplicationendopenport4>0</specialapplicationendopenport4>
			<specialapplicationtriggerstatus>0</specialapplicationtriggerstatus>
			<specialapplicationopenprotocol>0</specialapplicationopenprotocol>
		</lanport>
		<lanport>
			<specialapplicationtriggername/>
			<specialapplicationtriggerport>0</specialapplicationtriggerport>
			<specialapplicationtriggerportend>0</specialapplicationtriggerportend>
			<specialapplicationtriggerprotocol>0</specialapplicationtriggerprotocol>
			<specialapplicationstartopenport0>0</specialapplicationstartopenport0>
			<specialapplicationendopenport0>0</specialapplicationendopenport0>
			<specialapplicationstartopenport1>0</specialapplicationstartopenport1>
			<specialapplicationendopenport1>0</specialapplicationendopenport1>
			<specialapplicationstartopenport2>0</specialapplicationstartopenport2>
			<specialapplicationendopenport2>0</specialapplicationendopenport2>
			<specialapplicationstartopenport3>0</specialapplicationstartopenport3>
			<specialapplicationendopenport3>0</specialapplicationendopenport3>
			<specialapplicationstartopenport4>0</specialapplicationstartopenport4>
			<specialapplicationendopenport4>0</specialapplicationendopenport4>
			<specialapplicationtriggerstatus>0</specialapplicationtriggerstatus>
			<specialapplicationopenprotocol>0</specialapplicationopenprotocol>
		</lanport>
		<lanport>
			<specialapplicationtriggername/>
			<specialapplicationtriggerport>0</specialapplicationtriggerport>
			<specialapplicationtriggerportend>0</specialapplicationtriggerportend>
			<specialapplicationtriggerprotocol>0</specialapplicationtriggerprotocol>
			<specialapplicationstartopenport0>0</specialapplicationstartopenport0>
			<specialapplicationendopenport0>0</specialapplicationendopenport0>
			<specialapplicationstartopenport1>0</specialapplicationstartopenport1>
			<specialapplicationendopenport1>0</specialapplicationendopenport1>
			<specialapplicationstartopenport2>0</specialapplicationstartopenport2>
			<specialapplicationendopenport2>0</specialapplicationendopenport2>
			<specialapplicationstartopenport3>0</specialapplicationstartopenport3>
			<specialapplicationendopenport3>0</specialapplicationendopenport3>
			<specialapplicationstartopenport4>0</specialapplicationstartopenport4>
			<specialapplicationendopenport4>0</specialapplicationendopenport4>
			<specialapplicationtriggerstatus>0</specialapplicationtriggerstatus>
			<specialapplicationopenprotocol>0</specialapplicationopenprotocol>
		</lanport>
		<lanport>
			<specialapplicationtriggername/>
			<specialapplicationtriggerport>0</specialapplicationtriggerport>
			<specialapplicationtriggerportend>0</specialapplicationtriggerportend>
			<specialapplicationtriggerprotocol>0</specialapplicationtriggerprotocol>
			<specialapplicationstartopenport0>0</specialapplicationstartopenport0>
			<specialapplicationendopenport0>0</specialapplicationendopenport0>
			<specialapplicationstartopenport1>0</specialapplicationstartopenport1>
			<specialapplicationendopenport1>0</specialapplicationendopenport1>
			<specialapplicationstartopenport2>0</specialapplicationstartopenport2>
			<specialapplicationendopenport2>0</specialapplicationendopenport2>
			<specialapplicationstartopenport3>0</specialapplicationstartopenport3>
			<specialapplicationendopenport3>0</specialapplicationendopenport3>
			<specialapplicationstartopenport4>0</specialapplicationstartopenport4>
			<specialapplicationendopenport4>0</specialapplicationendopenport4>
			<specialapplicationtriggerstatus>0</specialapplicationtriggerstatus>
			<specialapplicationopenprotocol>0</specialapplicationopenprotocol>
		</lanport>
		<lanport>
			<specialapplicationtriggername/>
			<specialapplicationtriggerport>0</specialapplicationtriggerport>
			<specialapplicationtriggerportend>0</specialapplicationtriggerportend>
			<specialapplicationtriggerprotocol>0</specialapplicationtriggerprotocol>
			<specialapplicationstartopenport0>0</specialapplicationstartopenport0>
			<specialapplicationendopenport0>0</specialapplicationendopenport0>
			<specialapplicationstartopenport1>0</specialapplicationstartopenport1>
			<specialapplicationendopenport1>0</specialapplicationendopenport1>
			<specialapplicationstartopenport2>0</specialapplicationstartopenport2>
			<specialapplicationendopenport2>0</specialapplicationendopenport2>
			<specialapplicationstartopenport3>0</specialapplicationstartopenport3>
			<specialapplicationendopenport3>0</specialapplicationendopenport3>
			<specialapplicationstartopenport4>0</specialapplicationstartopenport4>
			<specialapplicationendopenport4>0</specialapplicationendopenport4>
			<specialapplicationtriggerstatus>0</specialapplicationtriggerstatus>
			<specialapplicationopenprotocol>0</specialapplicationopenprotocol>
		</lanport>
		<lanport>
			<specialapplicationtriggername/>
			<specialapplicationtriggerport>0</specialapplicationtriggerport>
			<specialapplicationtriggerportend>0</specialapplicationtriggerportend>
			<specialapplicationtriggerprotocol>0</specialapplicationtriggerprotocol>
			<specialapplicationstartopenport0>0</specialapplicationstartopenport0>
			<specialapplicationendopenport0>0</specialapplicationendopenport0>
			<specialapplicationstartopenport1>0</specialapplicationstartopenport1>
			<specialapplicationendopenport1>0</specialapplicationendopenport1>
			<specialapplicationstartopenport2>0</specialapplicationstartopenport2>
			<specialapplicationendopenport2>0</specialapplicationendopenport2>
			<specialapplicationstartopenport3>0</specialapplicationstartopenport3>
			<specialapplicationendopenport3>0</specialapplicationendopenport3>
			<specialapplicationstartopenport4>0</specialapplicationstartopenport4>
			<specialapplicationendopenport4>0</specialapplicationendopenport4>
			<specialapplicationtriggerstatus>0</specialapplicationtriggerstatus>
			<specialapplicationopenprotocol>0</specialapplicationopenprotocol>
		</lanport>
		<lanport>
			<specialapplicationtriggername/>
			<specialapplicationtriggerport>0</specialapplicationtriggerport>
			<specialapplicationtriggerportend>0</specialapplicationtriggerportend>
			<specialapplicationtriggerprotocol>0</specialapplicationtriggerprotocol>
			<specialapplicationstartopenport0>0</specialapplicationstartopenport0>
			<specialapplicationendopenport0>0</specialapplicationendopenport0>
			<specialapplicationstartopenport1>0</specialapplicationstartopenport1>
			<specialapplicationendopenport1>0</specialapplicationendopenport1>
			<specialapplicationstartopenport2>0</specialapplicationstartopenport2>
			<specialapplicationendopenport2>0</specialapplicationendopenport2>
			<specialapplicationstartopenport3>0</specialapplicationstartopenport3>
			<specialapplicationendopenport3>0</specialapplicationendopenport3>
			<specialapplicationstartopenport4>0</specialapplicationstartopenport4>
			<specialapplicationendopenport4>0</specialapplicationendopenport4>
			<specialapplicationtriggerstatus>0</specialapplicationtriggerstatus>
			<specialapplicationopenprotocol>0</specialapplicationopenprotocol>
		</lanport>
		<lanport>
			<specialapplicationtriggername/>
			<specialapplicationtriggerport>0</specialapplicationtriggerport>
			<specialapplicationtriggerportend>0</specialapplicationtriggerportend>
			<specialapplicationtriggerprotocol>0</specialapplicationtriggerprotocol>
			<specialapplicationstartopenport0>0</specialapplicationstartopenport0>
			<specialapplicationendopenport0>0</specialapplicationendopenport0>
			<specialapplicationstartopenport1>0</specialapplicationstartopenport1>
			<specialapplicationendopenport1>0</specialapplicationendopenport1>
			<specialapplicationstartopenport2>0</specialapplicationstartopenport2>
			<specialapplicationendopenport2>0</specialapplicationendopenport2>
			<specialapplicationstartopenport3>0</specialapplicationstartopenport3>
			<specialapplicationendopenport3>0</specialapplicationendopenport3>
			<specialapplicationstartopenport4>0</specialapplicationstartopenport4>
			<specialapplicationendopenport4>0</specialapplicationendopenport4>
			<specialapplicationtriggerstatus>0</specialapplicationtriggerstatus>
			<specialapplicationopenprotocol>0</specialapplicationopenprotocol>
		</lanport>
		<lanport>
			<specialapplicationtriggername/>
			<specialapplicationtriggerport>0</specialapplicationtriggerport>
			<specialapplicationtriggerportend>0</specialapplicationtriggerportend>
			<specialapplicationtriggerprotocol>0</specialapplicationtriggerprotocol>
			<specialapplicationstartopenport0>0</specialapplicationstartopenport0>
			<specialapplicationendopenport0>0</specialapplicationendopenport0>
			<specialapplicationstartopenport1>0</specialapplicationstartopenport1>
			<specialapplicationendopenport1>0</specialapplicationendopenport1>
			<specialapplicationstartopenport2>0</specialapplicationstartopenport2>
			<specialapplicationendopenport2>0</specialapplicationendopenport2>
			<specialapplicationstartopenport3>0</specialapplicationstartopenport3>
			<specialapplicationendopenport3>0</specialapplicationendopenport3>
			<specialapplicationstartopenport4>0</specialapplicationstartopenport4>
			<specialapplicationendopenport4>0</specialapplicationendopenport4>
			<specialapplicationtriggerstatus>0</specialapplicationtriggerstatus>
			<specialapplicationopenprotocol>0</specialapplicationopenprotocol>
		</lanport>
		<lanport>
			<specialapplicationtriggername/>
			<specialapplicationtriggerport>0</specialapplicationtriggerport>
			<specialapplicationtriggerportend>0</specialapplicationtriggerportend>
			<specialapplicationtriggerprotocol>0</specialapplicationtriggerprotocol>
			<specialapplicationstartopenport0>0</specialapplicationstartopenport0>
			<specialapplicationendopenport0>0</specialapplicationendopenport0>
			<specialapplicationstartopenport1>0</specialapplicationstartopenport1>
			<specialapplicationendopenport1>0</specialapplicationendopenport1>
			<specialapplicationstartopenport2>0</specialapplicationstartopenport2>
			<specialapplicationendopenport2>0</specialapplicationendopenport2>
			<specialapplicationstartopenport3>0</specialapplicationstartopenport3>
			<specialapplicationendopenport3>0</specialapplicationendopenport3>
			<specialapplicationstartopenport4>0</specialapplicationstartopenport4>
			<specialapplicationendopenport4>0</specialapplicationendopenport4>
			<specialapplicationtriggerstatus>0</specialapplicationtriggerstatus>
			<specialapplicationopenprotocol>0</specialapplicationopenprotocol>
		</lanport>
		<lanport>
			<specialapplicationtriggername/>
			<specialapplicationtriggerport>0</specialapplicationtriggerport>
			<specialapplicationtriggerportend>0</specialapplicationtriggerportend>
			<specialapplicationtriggerprotocol>0</specialapplicationtriggerprotocol>
			<specialapplicationstartopenport0>0</specialapplicationstartopenport0>
			<specialapplicationendopenport0>0</specialapplicationendopenport0>
			<specialapplicationstartopenport1>0</specialapplicationstartopenport1>
			<specialapplicationendopenport1>0</specialapplicationendopenport1>
			<specialapplicationstartopenport2>0</specialapplicationstartopenport2>
			<specialapplicationendopenport2>0</specialapplicationendopenport2>
			<specialapplicationstartopenport3>0</specialapplicationstartopenport3>
			<specialapplicationendopenport3>0</specialapplicationendopenport3>
			<specialapplicationstartopenport4>0</specialapplicationstartopenport4>
			<specialapplicationendopenport4>0</specialapplicationendopenport4>
			<specialapplicationtriggerstatus>0</specialapplicationtriggerstatus>
			<specialapplicationopenprotocol>0</specialapplicationopenprotocol>
		</lanport>
	</lanports>
</config>
