<?xml version="1.0" encoding="utf-8" ?><config>    <auto>0</auto>    <al>13</al>    <dz>13</dz>    <ar>13</ar>    <am>13</am>    <au>13</au>    <at>13</at>    <az>13</az>    <bh>13</bh>    <by>13</by>    <be>13</be>    <bz>13</bz>    <bo>13</bo>    <br>13</br>    <bn>13</bn>    <bg>13</bg>    <ca>11</ca>    <cl>13</cl>    <cn>13</cn>    <co>11</co>    <cr>13</cr>    <hr>13</hr>    <cy>13</cy>    <cz>13</cz>    <dk>13</dk>    <doy>11</doy>    <ec>13</ec>    <eg>13</eg>    <sv>13</sv>    <ee>13</ee>    <fi>13</fi>    <fr>13</fr>    <de>13</de>    <ge>13</ge>    <gr>13</gr>    <gt>11</gt>    <hn>13</hn>    <hk>13</hk>    <hu>13</hu>    <is>13</is>    <ind>13</ind>    <id>13</id>    <ir>13</ir>    <ie>13</ie>    <il>13</il>    <it>13</it>    <jp>13</jp>    <jo>13</jo>    <kz>13</kz>    <kr>13</kr>    <kp>13</kp>    <kw>13</kw>    <lb>13</lb>    <lv>13</lv>    <li>13</li>    <lt>13</lt>    <lu>13</lu>    <ma>13</ma>    <mk>13</mk>    <my>13</my>    <mo>13</mo>    <mx>11</mx>    <mc>13</mc>    <nl>13</nl>    <nz>13</nz>    <no>13</no>    <om>13</om>    <pk>13</pk>    <pa>11</pa>    <pe>13</pe>    <ph>13</ph>    <pl>13</pl>    <pt>13</pt>    <pr>11</pr>    <qa>13</qa>    <ro>13</ro>    <ru>13</ru>    <sa>13</sa>    <sg>13</sg>    <sk>13</sk>    <si>13</si>    <za>13</za>    <es>13</es>    <se>13</se>    <ch>13</ch>    <sy>13</sy>    <tw>11</tw>    <th>13</th>    <tt>13</tt>    <tn>13</tn>    <tr>13</tr>    <ua>13</ua>    <ae>13</ae>    <gb>13</gb>    <us>11</us>    <uy>13</uy>    <uz>11</uz>    <ve>13</ve>    <vn>13</vn>    <ye>13</ye>    <zw>13</zw>    <auto_mode>0</auto_mode>    <al_mode>36,40,44,48</al_mode>    <dz_mode>36,40,44,48</dz_mode>    <ar_mode>149,153,157,161,165</ar_mode>    <am_mode>36,40,44,48</am_mode>    <au_mode>36,40,44,48,149,153,157,161,165</au_mode>    <at_mode>36,40,44,48</at_mode>    <az_mode>36,40,44,48,149,153,157,161,165</az_mode>    <bh_mode>36,40,44,48,149,153,157,161,165</bh_mode>    <by_mode>36,40,44,48</by_mode>    <be_mode>36,40,44,48</be_mode>    <bz_mode>0</bz_mode>    <bo_mode>0</bo_mode>    <br_mode>36,40,44,48,149,153,157,161,165</br_mode>    <bn_mode>0</bn_mode>    <bg_mode>36,40,44,48</bg_mode>    <ca_mode>36,40,44,48,149,153,157,161,165</ca_mode>    <cl_mode>36,40,44,48,149,153,157,161,165</cl_mode>    <cn_mode>36,40,44,48,149,153,157,161,165</cn_mode>    <co_mode>36,40,44,48</co_mode>    <cr_mode>36,40,44,48,149,153,157,161,165</cr_mode>    <hr_mode>36,40,44,48</hr_mode>    <cy_mode>36,40,44,48</cy_mode>    <cz_mode>36,40,44,48</cz_mode>    <dk_mode>36,40,44,48</dk_mode>    <doy_mode>36,40,44,48,149,153,157,161,165</doy_mode>    <ec_mode>36,40,44,48,149,153,157,161,165</ec_mode>    <eg_mode>36,40,44,48,149,153,157,161,165</eg_mode>    <sv_mode>36,40,44,48,149,153,157,161,165</sv_mode>    <ee_mode>36,40,44,48</ee_mode>    <fi_mode>36,40,44,48</fi_mode>    <fr_mode>36,40,44,48</fr_mode>    <de_mode>36,40,44,48</de_mode>    <ge_mode>36,40,44,48</ge_mode>    <gr_mode>36,40,44,48</gr_mode>    <gt_mode>36,40,44,48,149,153,157,161,165</gt_mode>    <hn_mode>149,153,157,161,165</hn_mode>    <hk_mode>36,40,44,48,149,153,157,161,165</hk_mode>    <hu_mode>36,40,44,48</hu_mode>    <is_mode>36,40,44,48</is_mode>    <ind_mode>36,40,44,48,149,153,157,161,165</ind_mode>    <id_mode>0</id_mode>    <ir_mode>0</ir_mode>    <ie_mode>36,40,44,48</ie_mode>    <il_mode>36,40,44,48</il_mode>    <it_mode>36,40,44,48</it_mode>    <jp_mode>36,40,44,48</jp_mode>    <jo_mode>36,40,44,48,149,153,157,161,165</jo_mode>    <kz_mode>36,40,44,48,149,153,157,161,165</kz_mode>    <kr_mode>149,153,157,161</kr_mode>    <kp_mode>0</kp_mode>    <kw_mode>0</kw_mode>    <lb_mode>149,153,157,161,165</lb_mode>    <lv_mode>36,40,44,48</lv_mode>    <li_mode>36,40,44,48</li_mode>    <lt_mode>36,40,44,48</lt_mode>    <lu_mode>36,40,44,48</lu_mode>    <ma_mode>36,40,44,48</ma_mode>    <mk_mode>36,40,44,48</mk_mode>    <my_mode>36,40,44,48,149,153,157,161,165</my_mode>    <mo_mode>149,153,157,161,165</mo_mode>    <mx_mode>36,40,44,48</mx_mode>    <mc_mode>36,40,44,48</mc_mode>    <nl_mode>36,40,44,48</nl_mode>    <nz_mode>36,40,44,48,149,153,157,161,165</nz_mode>    <no_mode>36,40,44,48</no_mode>    <om_mode>36,40,44,48</om_mode>    <pk_mode>149,153,157,161,165</pk_mode>    <pa_mode>36,40,44,48,149,153,157,161,165</pa_mode>    <pe_mode>36,40,44,48,149,153,157,161,165</pe_mode>    <ph_mode>36,40,44,48,149,153,157,161,165</ph_mode>    <pl_mode>36,40,44,48</pl_mode>    <pt_mode>36,40,44,48</pt_mode>    <pr_mode>36,40,44,48,149,153,157,161,165</pr_mode>    <qa_mode>149,153,157,161,165</qa_mode>    <ro_mode>36,40,44,48</ro_mode>    <ru_mode>0</ru_mode>    <sa_mode>36,40,44,48,149,153,157,161</sa_mode>    <sg_mode>36,40,44,48,149,153,157,161,165</sg_mode>    <sk_mode>36,40,44,48</sk_mode>    <si_mode>36,40,44,48</si_mode>    <za_mode>36,40,44,48</za_mode>    <es_mode>36,40,44,48</es_mode>    <se_mode>36,40,44,48</se_mode>    <ch_mode>36,40,44,48</ch_mode>    <sy_mode>0</sy_mode>    <tw_mode>149,153,157,161,165</tw_mode>    <th_mode>36,40,44,48,149,153,157,161,165</th_mode>    <tt_mode>36,40,44,48,149,153,157,161,165</tt_mode>    <tn_mode>36,40,44,48</tn_mode>    <tr_mode>36,40,44,48</tr_mode>    <ua_mode>0</ua_mode>    <ae_mode>0</ae_mode>    <gb_mode>36,40,44,48</gb_mode>    <us_mode>36,40,44,48,149,153,157,161,165</us_mode>    <uy_mode>36,40,44,48,149,153,157,161,165</uy_mode>    <uz_mode>36,40,44,48,149,153,157,161,165</uz_mode>    <ve_mode>36,40,44,48,149,153,157,161,165</ve_mode>    <vn_mode>36,40,44,48</vn_mode>    <ye_mode>0</ye_mode>    <zw_mode>36,40,44,48,149,153,157,161,165</zw_mode>    <mode>    <mode_0></mode_0>    <mode_2>36,40,44,48</mode_2>    <mode_3>149,153,157,161</mode_3>    <mode_4>149,153,157,161,165</mode_4>    <mode_5>36,40,44,48,149,153,157,161</mode_5>    <mode_6>36,40,44,48,149,153,157,161,165</mode_6>    </mode></config>