<?xml version="1.0" encoding="utf-8"?>
<config>
	<menu>
		<enable>1</enable>
		<sx>0</sx>
		<sy>0</sy>
		<height>128</height>
		<width>128</width>
		<priority>6</priority>
	</menu>

	<pagecontainer>      
	                <enable>1</enable>
	                <pageitem_number>8</pageitem_number>
	                <page>
				<pageitem>
					<id>0</id>
					<parent_id>255</parent_id>
					<item_number>11</item_number>
					<item>
					     <items>0</items>
					     <items>1</items>
					     <items>11</items>
					     <items>15</items>
					     <items>3</items>
					     <items>14</items>
					     <items>12</items>
					     <items>2</items>
					     <items>13</items>
					     <items>8</items>
					     <items>4</items>
					</item>
				</pageitem>
				<pageitem>
					<id>1</id>
					<parent_id>0</parent_id>
					<item_number>4</item_number>
					<item>
					     <items>0</items>
					     <items>7</items>
						 <items>8</items>
					     <items>4</items>
					 </item>
				</pageitem>
				<pageitem>
					<id>2</id>
					<parent_id>0</parent_id>
					<item_number>5</item_number>
					<item>
					     <items>0</items>
					     <items>5</items>
					     <items>6</items>
						 <items>8</items>
						 <items>4</items>
				       </item>
				</pageitem>
				<pageitem>
					<id>3</id>
					<parent_id>0</parent_id>
					<item_number>5</item_number>
					<item>
					     <items>0</items>
					     <items>9</items>
					     <items>10</items>
					     <items>8</items>
					     <items>4</items>
				       </item>
				</pageitem>
				<pageitem>
					<id>4</id>
					<parent_id>0</parent_id>
					<item_number>4</item_number>
					<item>
					     <items>0</items>
					     <items>16</items>
					     <items>8</items>
					     <items>4</items>
				       </item>
				</pageitem>
				<pageitem>
					<id>5</id>
					<parent_id>0</parent_id>
					<item_number>4</item_number>
					<item>
					     <items>0</items>
					     <items>17</items>
					     <items>8</items>
					     <items>4</items>
				       </item>
				</pageitem>
								<pageitem>
					<id>6</id>
					<parent_id>0</parent_id>
					<item_number>4</item_number>
					<item>
					     <items>0</items>
					     <items>18</items>
					     <items>8</items>
					     <items>4</items>
				       </item>
				</pageitem>
				<pageitem>
					<id>7</id>
					<parent_id>0</parent_id>
					<item_number>4</item_number>
					<item>
					     <items>0</items>
					     <items>19</items>
					     <items>8</items>
					     <items>4</items>
				       </item>
				</pageitem>
			</page>
	</pagecontainer>

        <menuitems>
	                <enable>1</enable>
	                <priority>13</priority>
	                <item_number>20</item_number>
	                <menuitem>
				 <item> 
				      <!--ID_MENU_ITEM_BACK-->
				      <id>0</id>
				      <child_page_id>0</child_page_id>
				      <sx>4</sx>
				      <sy>4</sy>
				      <height>20</height>
				      <width>92</width>
				      <type>0</type>
				      <element_number>2</element_number>
				      <elementitem>
					   <element>
					   	   <id>7</id>
						   <sx>4</sx>
						   <width>22</width>
						   <type>1</type>
					   </element>
					    <element>
					   	    <id>119</id>
						    <sx>32</sx>
						    <width>60</width>
						   <type>3</type>
					   </element>
				      </elementitem> 
			         </item>
				  <item>
				        <!--ID_MENU_ITEM_INFO-->
					<id>1</id>
					<child_page_id>1</child_page_id>
					<sx>4</sx>
					<sy>1</sy>
					<height>20</height>
					<width>120</width>
					<type>1</type>
					<element_number>2</element_number>
					<elementitem>	
					      <element>
							<id>101</id>
							<sx>8</sx>
							<width>94</width>
							<type>3</type>
						</element>
						<element>
							<id>2</id>
							<sx>102</sx>
							<width>16</width>
							<type>1</type>
						</element>
				        </elementitem>
				  </item>
				  <item>
				        <!--ID_MENU_ITEM_WIFIOFFLOAD-->
					<id>2</id>
					<child_page_id>0</child_page_id>
					<sx>4</sx>
					<sy>1</sy>
					<height>20</height>
					<width>120</width>
					<type>2</type>
					<element_number>2</element_number>
					<elementitem>	
					       <element>
							<id>102</id>
							<sx>8</sx>
							<width>94</width>
							<type>3</type>
						</element>
						 <element>
							<id>3</id>
							<sx>102</sx>
							<width>16</width>
							<type>1</type>
						</element>
				       </elementitem>
				  </item>
				  <item>
				        <!--ID_MENU_ITEM_WIFIBAND-->
					<id>3</id>
					<child_page_id>2</child_page_id>
					<sx>4</sx>
					<sy>1</sy>
					<height>20</height>
					<width>120</width>
					<type>0</type>
					<element_number>2</element_number>
					<elementitem>	
					       <element>
							<id>103</id>
							<sx>8</sx>
							<width>94</width>
							<type>3</type>
						</element>
						 <element>
							<id>2</id>
							<sx>102</sx>
							<width>16</width>
							<type>1</type>
						</element>
				       </elementitem>
				  </item>
				  <item>
				        <!--ID_MENU_ITEM_PROMOTE-->
					<id>4</id>
					<child_page_id>0</child_page_id>
					<sx>4</sx>
					<sy>102</sy>
					<height>22</height>
					<width>120</width>
					<type>0</type>
					<element_number>4</element_number>
					<elementitem>	
					      <element>
							<id>8</id>
							<sx>8</sx>
							<width>21</width>
							<type>1</type>
						</element>
						 <element>
							<id>9</id>
							<sx>74</sx>
							<width>20</width>
							<type>1</type>
						</element>
						 <element>
							<id>120</id>
							<sx>29</sx>
							<width>45</width>
							<type>3</type>
						</element>
						 <element>
							<id>121</id>
							<sx>94</sx>
							<width>32</width>
							<type>3</type>
						</element>
				       </elementitem>
				  </item>
				  <item>
				        <!--ID_MENU_ITEM_WIFIBAND_5G-->
					<id>5</id>
					<child_page_id>0</child_page_id>
					<sx>4</sx>
					<sy>1</sy>
					<height>20</height>
					<width>120</width>
					<type>0</type>
					<element_number>2</element_number>
					<elementitem>	
					       <element>
							<id>104</id>
							<sx>8</sx>
							<width>94</width>
							<type>3</type>
						</element>
						 <element>
							<id>4</id>
							<sx>102</sx>
							<width>16</width>
							<type>1</type>
						</element>
				       </elementitem>
				  </item>
				  <item>
				        <!--ID_MENU_ITEM_WIFIBAND_2G-->
					<id>6</id>
					<child_page_id>0</child_page_id>
					<sx>4</sx>
					<sy>1</sy>
					<height>20</height>
					<width>120</width>
					<type>0</type>
					<element_number>2</element_number>
					<elementitem>	
					       <element>
							<id>105</id>
							<sx>8</sx>
							<width>94</width>
							<type>3</type>
						</element>
						 <element>
							<id>4</id>
							<sx>102</sx>
							<width>16</width>
							<type>1</type>
						</element>
				       </elementitem>
				  </item>
                                  <item>
				        <!--ID_MENU_ITEM_INFOMATION_DETAIL-->
					<id>7</id>
					<child_page_id>0</child_page_id>
					<sx>4</sx>
					<sy>1</sy>
					<height>68</height>
					<width>120</width>
					<type>0</type>
					<element_number>1</element_number>
					<elementitem>	
					       <element>
							<id>106</id>
							<sx>6</sx>
							<sy>27</sy>

							<width>116</width>
							<type>3</type>
						</element>
				    </elementitem>
				  </item>
				     <item>
				    <!--ID_MENU_ITEM_INFO_NEXT-->
					<id>8</id>
					<child_page_id>0</child_page_id>
					<sx>4</sx>
					<sy>96</sy>
					<height>4</height>
					<width>120</width>
					<type>0</type>
					<element_number>1</element_number>
					<elementitem>	
						<element>
							<id>6</id>
							<sx>54</sx>
							<sy>96</sy>
							<height>4</height>
							<width>20</width>
							<type>1</type>
						</element>
				    </elementitem>
				  </item>
				  
				  <item>
				        <!--ID_MENU_ITEM_WIFI_QRCODE-->
					<id>9</id>
					<child_page_id>0</child_page_id>
					<sx>4</sx>
					<sy>1</sy>
					<height>20</height>
					<width>120</width>
					<type>1</type>
					<element_number>2</element_number>
					<elementitem>	
					      <element>
							<id>107</id>
							<sx>8</sx>
							<width>94</width>
							<type>3</type>
						</element>
						<element>
							<id>2</id>
							<sx>102</sx>
							<width>16</width>
							<type>1</type>
						</element>
				        </elementitem>
				  </item>
				  
				  	<item>
				        <!--ID_MENU_ITEM_URL_QRCODE-->
					<id>10</id>
					<child_page_id>0</child_page_id>
					<sx>4</sx>
					<sy>1</sy>
					<height>20</height>
					<width>120</width>
					<type>1</type>
					<element_number>2</element_number>
					<elementitem>	
					      <element>
							<id>108</id>
							<sx>8</sx>
							<width>94</width>
							<type>3</type>
						</element>
						<element>
							<id>2</id>
							<sx>102</sx>
							<width>16</width>
							<type>1</type>
						</element>
				        </elementitem>
				  </item>
				  <item>
				        <!--ID_MENU_ITEM_URL_QRCODE-->
					<id>11</id>
					<child_page_id>0</child_page_id>
					<sx>4</sx>
					<sy>1</sy>
					<height>20</height>
					<width>120</width>
					<type>1</type>
					<element_number>2</element_number>
					<elementitem>	
					      <element>
							<id>109</id>
							<sx>8</sx>
							<width>94</width>
							<type>3</type>
						</element>
						<element>
							<id>2</id>
							<sx>102</sx>
							<width>16</width>
							<type>1</type>
						</element>
				    </elementitem>
				  </item>
	                          <item>
				        <!--ID_MENU_ITEM_ROAM_CONNECT-->
					<id>12</id>
					<child_page_id>0</child_page_id>
					<sx>4</sx>
					<sy>1</sy>
					<height>20</height>
					<width>120</width>
					<type>2</type>
					<element_number>2</element_number>
					<elementitem>	
					       <element>
							<id>110</id>
							<sx>8</sx>
							<width>94</width>
							<type>3</type>
						</element>
						 <element>
							<id>3</id>
							<sx>102</sx>
							<width>16</width>
							<type>1</type>
						</element>
				       </elementitem>
				  </item>
				  <item>
					<!--ID_MENU_ITEM_FAST_BOOT-->
					<id>13</id>
					<child_page_id>0</child_page_id>
					<sx>4</sx>
					<sy>1</sy>
					<height>20</height>
					<width>120</width>
					<type>2</type>
					<element_number>2</element_number>
					<elementitem>	
					       <element>
							<id>111</id>
							<sx>8</sx>
							<width>94</width>
							<type>3</type>
						</element>
						 <element>
							<id>3</id>
							<sx>102</sx>
							<width>16</width>
							<type>1</type>
						</element>
				       </elementitem>
				  </item>
				  <item>
					<!--ID_MENU_ITEM_WPS-->
					<id>14</id>
					<child_page_id>0</child_page_id>
					<sx>4</sx>
					<sy>1</sy>
					<height>20</height>
					<width>120</width>
					<type>2</type>
					<element_number>1</element_number>
					<elementitem>	
					       <element>
							<id>112</id>
							<sx>8</sx>
							<width>94</width>
							<type>3</type>
						</element>
				       </elementitem>
				  </item>
				<item>
				        <!--ID_MENU_ITEM_SMS-->
					<id>15</id>
					<child_page_id>0</child_page_id>
					<sx>4</sx>
					<sy>1</sy>
					<height>20</height>
					<width>120</width>
					<type>1</type>
					<element_number>2</element_number>
					<elementitem>	
					      <element>
							<id>113</id>
							<sx>8</sx>
							<width>94</width>
							<type>3</type>
						</element>
						<element>
							<id>2</id>
							<sx>102</sx>
							<width>16</width>
							<type>1</type>
						</element>
				        </elementitem>
				  </item>
				  <item>
				        <!--ID_MENU_ITEM_SMS_DETAIL-->
					<id>16</id>
					<child_page_id>0</child_page_id>
					<sx>4</sx>
					<sy>1</sy>
					<height>68</height>
					<width>120</width>
					<type>0</type>
					<element_number>6</element_number>
					<elementitem>	
						<!-- ID_ITEM_TXT_SMS_PHONE_NUM -->
						<element>
							<id>114</id>
							<sx>5</sx>
							<sy>27</sy>
							<height>18</height>
							<width>86</width>
							<type>3</type>
						</element>
						<!-- ID_ITEM_TXT_SMS_DATE -->
						<element>
							<id>115</id>
							<sx>92</sx>
							<sy>27</sy>
							<height>18</height>
							<width>32</width>
							<type>3</type>
						</element>
						<!-- ID_ITEM_TXT_SMS_CONTENT_FIRST -->
						<element>
							<id>116</id>
							<sx>6</sx>
							<sy>45</sy>
							<height>48</height>
							<width>116</width>
							<type>3</type>
						</element>
						<!-- ID_ITEM_TXT_SMS_CONTENT -->
						<element>
							<id>117</id>
							<sx>6</sx>
							<sy>27</sy>
							<height>68</height>
							<width>116</width>
							<type>3</type>
						</element>
						<!-- ID_ITEM_TXT_SMS_CONTENT_HELP -->
						<element>
							<id>118</id>
							<sx>6</sx>
							<sy>35</sy>
							<height>58</height>
							<width>116</width>
							<type>3</type>
						</element>
						<!-- ID_ITEM_TXT_SMS_CONTENT_EMPTY -->
						<element>
							<id>122</id>
							<sx>6</sx>
							<sy>35</sy>
							<height>58</height>
							<width>116</width>
							<type>3</type>
						</element>
				    </elementitem>
				  </item>
				  <item>
				        <!--ID_MENU_ITEM_INFOMATION_DETAIL-->
					<id>17</id>
					<child_page_id>0</child_page_id>
					<sx>4</sx>
					<sy>1</sy>
					<height>68</height>
					<width>120</width>
					<type>0</type>
					<element_number>1</element_number>
					<elementitem>	
					       <element>
							<id>127</id>
							<sx>6</sx>
							<sy>27</sy>
							<width>116</width>
							<type>3</type>
						</element>
				    </elementitem>
				  </item>
				  <item>
				        <!--ID_MENU_ITEM_INFOMATION_DETAIL-->
					<id>18</id>
					<child_page_id>0</child_page_id>
					<sx>4</sx>
					<sy>1</sy>
					<height>68</height>
					<width>120</width>
					<type>0</type>
					<element_number>1</element_number>
					<elementitem>	
					       <element>
							<id>128</id>
							<sx>6</sx>
							<sy>27</sy>

							<width>116</width>
							<type>3</type>
						</element>
				    </elementitem>
				  </item>
				   <item>
				        <!--ID_MENU_ITEM_INFOMATION_DETAIL-->
					<id>19</id>
					<child_page_id>0</child_page_id>
					<sx>4</sx>
					<sy>1</sy>
					<height>68</height>
					<width>120</width>
					<type>0</type>
					<element_number>1</element_number>
					<elementitem>	
					       <element>
							<id>129</id>
							<sx>6</sx>
							<sy>27</sy>
						    <width>116</width>
							<type>3</type>
						</element>
				    </elementitem>
				  </item>
			</menuitem>
	</menuitems>
	
	<resource>
		       <resource_number>38</resource_number>
		       <resourceitem>
			         <item>  
			                  <!--ID_ITEM_ICON_BACK-->
			                  <id>1</id>
			                  <type>1</type>
	                                  <size>160</size>
	                                  <bmp_current>0</bmp_current>
	                                  <bmp_total>1</bmp_total>
	                                  <code>0</code>
	                                  <bitmap>
	                                         <!--64x20-->
	                                         <frame>
0xFF,0xFF,0xFF,0xFF,0xFF,0xFF,0xFF,0xFF,0xFF,0xFF,0xFF,0xFF,0xFF,0xFF,0xFF,0xFF,
0xFF,0xFF,0xFF,0xFF,0xFF,0xFF,0xFF,0xFF,0xFF,0xFF,0xFF,0xFF,0xFF,0xFF,0xFF,0xFF,
0xFF,0xCF,0xFF,0xFF,0xFF,0xFF,0xFF,0xFF,0xFF,0x8F,0xFF,0xF8,0x1F,0xFF,0xF9,0xFF,
0xFF,0x1F,0xFF,0xF9,0xCF,0xFF,0xF9,0xFF,0xFE,0x3F,0xFF,0xF9,0xCF,0xFF,0xF9,0xFF,
0xFC,0x00,0x00,0x79,0xCE,0x1E,0x19,0x9F,0xF8,0x00,0x00,0x78,0x1D,0xCC,0xC9,0x3F,
0xFC,0x7F,0xFE,0x79,0xCF,0x0C,0xF8,0x7F,0xFE,0x3F,0xFE,0x79,0xCE,0x4C,0xF8,0x7F,
0xFF,0x1F,0xFE,0x79,0xCC,0xCC,0xF9,0x3F,0xFF,0x8F,0xFE,0x79,0xCC,0xCC,0xC9,0x3F,
0xFF,0xCF,0xFE,0x78,0x1E,0x0E,0x19,0x9F,0xFF,0xFF,0xFE,0x7F,0xFF,0xFF,0xFF,0xFF,
0xFF,0xFF,0xFF,0xFF,0xFF,0xFF,0xFF,0xFF,0xFF,0xFF,0xFF,0xFF,0xFF,0xFF,0xFF,0xFF,
0xFF,0xFF,0xFF,0xFF,0xFF,0xFF,0xFF,0xFF,0xFF,0xFF,0xFF,0xFF,0xFF,0xFF,0xFF,0xFF,</frame>
	                                  </bitmap>
			          </item>
			          <item>  
			                  <!--ID_ITEM_ICON_ARROW-->
			                  <id>2</id>
			                  <type>1</type>
	                                  <size>40</size>
	                                  <bmp_current>0</bmp_current>
	                                  <bmp_total>1</bmp_total>
	                                  <code>0</code>
	                                  <bitmap>
	                                           <!--16x20 -->
	                                         <frame>0xFF,0xFF,0xFF,0xFF,0xFF,0xFF,0xFF,0xFF,0xE3,0xFF,0xF1,0xFF,0xF8,0xFF,0xFC,0x7F,
	                                                0xFE,0x3F,0xFF,0x1F,0xFF,0x8F,0xFF,0x1F,0xFE,0x3F,0xFC,0x7F,0xF8,0xFF,0xF1,0xFF,
	                                                0xE3,0xFF,0xFF,0xFF,0xFF,0xFF,0xFF,0xFF,</frame>
	                                  </bitmap>
			          </item>
			          <item>
			                  <!--ID_ITEM_ICON_CHECKBOX-->
			                  <id>3</id>
			                  <type>1</type>
	                                  <size>40</size>
	                                  <bmp_current>0</bmp_current>
	                                  <bmp_total>2</bmp_total>
	                                  <code>0</code>
	                                  <bitmap>
	                                           <!--16x20 -->
	                                         <frame>0xFF,0xFF,0xFF,0xFF,0xFF,0xFF,0xFF,0xFF,0x00,0x07,0x7F,0xF7,0x7F,0xF7,0x7F,0xF7,
							0x7F,0xF7,0x7F,0xF7,0x7F,0xF7,0x7F,0xF7,0x7F,0xF7,0x7F,0xF7,0x7F,0xF7,0x7F,0xF7,
							0x00,0x07,0xFF,0xFF,0xFF,0xFF,0xFF,0xFF,</frame>
						   <!--16x20 -->
						 <frame>0xFF,0xFF,0xFF,0xFF,0xFF,0xFF,0xFF,0xFF,0x00,0x07,0x7F,0xF7,0x7F,0xF7,0x7F,0xE7,
							0x7F,0xC7,0x3F,0x87,0x1F,0x17,0x0E,0x37,0x44,0x77,0x60,0xF7,0x71,0xF7,0x7B,0xF7,
							0x00,0x07,0xFF,0xFF,0xFF,0xFF,0xFF,0xFF,</frame>
	                                  </bitmap>
			          </item>
			          <item>
			                  <!--ID_ITEM_ICON_CHECKMARK-->
			                  <id>4</id>
			                  <type>1</type>
	                                  <size>40</size>
	                                  <bmp_current>0</bmp_current>
	                                  <bmp_total>1</bmp_total>
	                                  <code>0</code>
	                                  <bitmap>
	                                           <!--16x20 -->
	                                         <frame>0xFF,0xFF,0xFF,0xFF,0xFF,0xFF,0xFF,0xFF,0xFF,0xFF,0xFF,0xFF,0xFF,0xDF,0xFF,0x9F,
							0x7F,0x1F,0x3E,0x3F,0x1C,0x7F,0x88,0xFF,0xC1,0xFF,0xE3,0xFF,0xF7,0xFF,0xFF,0xFF,
							0xFF,0xFF,0xFF,0xFF,0xFF,0xFF,0xFF,0xFF,</frame>
					 </bitmap>
			          </item>
			          <item>
			                  <!--ID_ITEM_ICON_PROMOTE-->
			                  <id>5</id>
			                  <type>1</type>
	                                  <size>352</size>
	                                  <bmp_current>0</bmp_current>
	                                  <bmp_total>2</bmp_total>
	                                  <code>0</code>
	                                  <bitmap>
	                                           <!--128x22 -->
	                                         <frame>0x00,0x00,0x00,0x00,0x00,0x00,0x00,0x00,0x00,0x00,0x00,0x00,0x00,0x00,0x00,0x00,
0xFF,0xFF,0xFF,0xFF,0xFF,0xFF,0xFF,0xFF,0xFF,0xFF,0xFF,0xFF,0xFF,0xFF,0xFF,0xFF,
0xFF,0xFF,0xFF,0xFF,0xFF,0xFF,0xFF,0xFF,0xFF,0xFF,0xFF,0xFF,0xFF,0xFF,0xFF,0xFF,
0xFF,0xFC,0x1F,0xFF,0xFF,0xFF,0xFF,0xFF,0xFF,0xFF,0xFF,0xFC,0xFF,0xFF,0xFF,0xFF,
0xFF,0xF7,0xF7,0xFF,0xFF,0xFF,0xFF,0xFF,0xFF,0xFF,0xFF,0xFC,0xFF,0xFF,0xFF,0xFF,
0xFF,0xCF,0xF9,0xFF,0xFF,0xFF,0xFF,0xFF,0xFF,0xFF,0xFF,0xFC,0xFF,0xFF,0xFF,0xFF,
0xFF,0xBF,0xFE,0xFF,0xFF,0xFF,0xFF,0xFF,0xFF,0xFF,0xFF,0xE4,0x9F,0xFF,0xFF,0xFF,
0xFF,0xBF,0xFE,0xFF,0xFF,0xFF,0xFF,0xFF,0xFF,0xFF,0xFF,0xC4,0x8F,0xFF,0xF3,0xFF,
0xFF,0x7F,0xFF,0x7F,0xFF,0xFF,0xFF,0xFF,0xFF,0xFF,0xFF,0x8C,0xC7,0xFF,0xF3,0xFF,
0xFF,0xFF,0xFF,0xFC,0xE7,0xFF,0xFB,0xFF,0xFF,0xFF,0xFF,0x1C,0xE3,0xF8,0xF3,0x3F,
0xFE,0x27,0xFF,0xBC,0x67,0xFF,0xF3,0xFF,0xFF,0xFF,0xFE,0x3F,0xF1,0xF0,0x72,0x7F,
0xFE,0x24,0x45,0x3C,0x66,0x19,0x81,0xFF,0xFF,0xFF,0xFE,0x7F,0xF9,0xE2,0x30,0xFF,
0xFE,0x54,0x55,0x3C,0x24,0xC9,0x93,0xFF,0xFF,0xFF,0xFE,0x7F,0xF9,0xE7,0x30,0xFF,
0xFE,0x55,0xD5,0x3C,0xA4,0xCC,0x33,0xFF,0xFF,0xFF,0xFE,0x7F,0xF9,0xE7,0x30,0x7F,
0xFE,0x54,0x54,0x3C,0x84,0x0E,0x73,0xFF,0xFF,0xFF,0xFE,0x7F,0xF9,0xE2,0x32,0x7F,
0xFF,0xFF,0xFF,0xFC,0xC4,0xFC,0x33,0xFF,0xFF,0xFF,0xFE,0x7F,0xF9,0xF0,0x73,0x3F,
0xFF,0x7F,0xFF,0x7C,0xC4,0xC9,0x93,0xFF,0xFF,0xFF,0xFF,0x3F,0xF1,0xF8,0xF3,0x3F,
0xFF,0xBF,0xFE,0xFC,0xE6,0x19,0x99,0xFF,0xFF,0xFF,0xFF,0x1F,0xE3,0xFF,0xFF,0xFF,
0xFF,0xBF,0xFE,0xFF,0xFF,0xFF,0xFF,0xFF,0xFF,0xFF,0xFF,0x8F,0xC7,0xFF,0xFF,0xFF,
0xFF,0xCF,0xF9,0xFF,0xFF,0xFF,0xFF,0xFF,0xFF,0xFF,0xFF,0xC0,0x0F,0xFF,0xFF,0xFF,
0xFF,0xF7,0xF7,0xFF,0xFF,0xFF,0xFF,0xFF,0xFF,0xFF,0xFF,0xE0,0x1F,0xFF,0xFF,0xFF,
0xFF,0xFC,0x1F,0xFF,0xFF,0xFF,0xFF,0xFF,0xFF,0xFF,0xFF,0xFF,0xFF,0xFF,0xFF,0xFF,
											 </frame>
											 <frame>0x00,0x00,0x00,0x00,0x00,0x00,0x00,0x00,0x00,0x00,0x00,0x00,0x00,0x00,0x00,0x00,
0xFF,0xFF,0xFF,0xFF,0xFF,0xFF,0xFF,0xFF,0xFF,0xFF,0xFF,0xFF,0xFF,0xFF,0xFF,0xFF,
0xFF,0xFF,0xFF,0xFF,0xFF,0xFF,0xFF,0xFF,0xFF,0xFF,0xFF,0xFF,0xFF,0xFF,0xFF,0xFF,
0xFF,0xFF,0xFF,0xFF,0xFF,0xFF,0x07,0xFF,0xFF,0xFF,0xFF,0xFF,0xFF,0xFF,0xFF,0xFF,
0xFF,0xFF,0xFF,0xFF,0xFF,0xFD,0xFD,0xFF,0xFF,0xFF,0xFF,0xFF,0xFF,0xFF,0xFF,0xFF,
0xFF,0xFF,0xFF,0xFF,0xFF,0xF3,0xFE,0x7F,0xFF,0xFF,0xFF,0xFF,0xFF,0xFF,0xFF,0xFF,
0xFF,0xFF,0xFF,0xFF,0xFF,0xEF,0xFF,0xBF,0xFF,0xFF,0xFF,0xFF,0xFF,0xFF,0xFF,0xFF,
0xFF,0xFF,0xFF,0xFF,0xFF,0xEF,0xFF,0xBF,0xFF,0xFF,0xFF,0xFF,0xFF,0xFF,0xFF,0xFF,
0xFF,0xFF,0xFF,0xFF,0xFF,0xDF,0xFF,0xDF,0xFF,0xFF,0xFF,0xFF,0xFF,0xFF,0xFF,0xFF,
0xFF,0xFF,0xFF,0xFF,0xFF,0xFF,0xFF,0xFF,0x39,0xFF,0xFE,0xFF,0xFF,0xFF,0xFF,0xFF,
0xFF,0xFF,0xFF,0xFF,0xFF,0x89,0xFF,0xEF,0x19,0xFF,0xFC,0xFF,0xFF,0xFF,0xFF,0xFF,
0xFF,0xFF,0xFF,0xFF,0xFF,0x89,0x11,0x4F,0x19,0x86,0x60,0x7F,0xFF,0xFF,0xFF,0xFF,
0xFF,0xFF,0xFF,0xFF,0xFF,0x95,0x15,0x4F,0x09,0x32,0x64,0xFF,0xFF,0xFF,0xFF,0xFF,
0xFF,0xFF,0xFF,0xFF,0xFF,0x95,0x75,0x4F,0x29,0x33,0x0C,0xFF,0xFF,0xFF,0xFF,0xFF,
0xFF,0xFF,0xFF,0xFF,0xFF,0x95,0x15,0x0F,0x21,0x03,0x9C,0xFF,0xFF,0xFF,0xFF,0xFF,
0xFF,0xFF,0xFF,0xFF,0xFF,0xFF,0xFF,0xFF,0x31,0x3F,0x0C,0xFF,0xFF,0xFF,0xFF,0xFF,
0xFF,0xFF,0xFF,0xFF,0xFF,0xDF,0xFF,0xDF,0x31,0x32,0x64,0xFF,0xFF,0xFF,0xFF,0xFF,
0xFF,0xFF,0xFF,0xFF,0xFF,0xEF,0xFF,0xBF,0x39,0x86,0x66,0x7F,0xFF,0xFF,0xFF,0xFF,
0xFF,0xFF,0xFF,0xFF,0xFF,0xEF,0xFF,0xBF,0xFF,0xFF,0xFF,0xFF,0xFF,0xFF,0xFF,0xFF,
0xFF,0xFF,0xFF,0xFF,0xFF,0xF3,0xFE,0x7F,0xFF,0xFF,0xFF,0xFF,0xFF,0xFF,0xFF,0xFF,
0xFF,0xFF,0xFF,0xFF,0xFF,0xFD,0xFD,0xFF,0xFF,0xFF,0xFF,0xFF,0xFF,0xFF,0xFF,0xFF,
0xFF,0xFF,0xFF,0xFF,0xFF,0xFF,0x07,0xFF,0xFF,0xFF,0xFF,0xFF,0xFF,0xFF,0xFF,0xFF,
                                                        </frame>
					 </bitmap>
			          </item>
			          <item>
			                  <!--ID_ITEM_ICON_INFO_NEXT-->
			                  <id>6</id>
			                  <type>1</type>
	                                  <size>12</size>
	                                  <bmp_current>0</bmp_current>
	                                  <bmp_total>1</bmp_total>
	                                  <code>0</code>
	                                  <bitmap>
	                                           <!--20x4-->
	                                         <frame>0xFC,0x07,0xF0,0xFE,0xEF,0xF0,0xFF,0x5F,0xF0,0xFF,0xBF,0xF0, </frame>
					 </bitmap>
			          </item>
				  <item>
			                  <!--ID_ITEM_ICON_INFO_NEXT-->
			                  <id>7</id>
			                  <type>1</type>
	                                  <size>60</size>
	                                  <bmp_current>0</bmp_current>
	                                  <bmp_total>1</bmp_total>
	                                  <code>0</code>
	                                  <bitmap>
	                                           <!--24x20-->
	                                         <frame>0xFF,0xFF,0xFF,0xFF,0xFF,0xFF,0xFF,0xFF,0xFF,0xFF,0xFF,0xFC,0xFC,0xFF,0xFC,0xF8,
							0xFF,0xFC,0xF1,0xFF,0xFC,0xE3,0xFF,0xFC,0xC0,0x00,0x04,0x80,0x00,0x04,0xC7,0xFF,
							0xE4,0xE3,0xFF,0xE4,0xF1,0xFF,0xE4,0xF8,0xFF,0xE4,0xFC,0xFF,0xE4,0xFF,0xFF,0xE4,
							0xFF,0xFF,0xFC,0xFF,0xFF,0xFF,0xFF,0xFF,0xFF,0xFF,0xFF,0xFF</frame>
					 </bitmap>
				</item>
				<item>
			                  <!--ID_ITEM_ICON_INFO_NEXT-->
			                  <id>8</id>
			                  <type>1</type>
	                                  <size>66</size>
	                                  <bmp_current>0</bmp_current>
	                                  <bmp_total>1</bmp_total>
	                                  <code>0</code>
	                                  <bitmap>
	                                           <!--24x21-->
	                                         <frame>0xFF,0xFF,0xF8,0xFF,0xFF,0xF8,0xFF,0x07,0xF8,0xFD,0xFD,0xF8,0xF3,
											        0xFE,0x78,0xEF,0xFF,0xB8,0xEF,0xFF,0xB8,0xDF,0xFF,0xD8,0xFF,0xFF,0xF8,0x89,0xFF,
													0xE8,0x89,0x11,0x48,0x95,0x15,0x48,0x95,0x75,0x48,0x95,0x15,0x08,0xFF,0xFF,0xF8,
													0xDF,0xFF,0xD8,0xEF,0xFF,0xB8,0xEF,0xFF,0xB8,0xF3,0xFE,0x78,0xFD,0xFD,0xF8,0xFF,
													0x07,0xF8,0xFF,0xFF,0xF8,</frame>
					 </bitmap>
			          </item>
					 <item>
			                  <!--ID_ITEM_ICON_INFO_NEXT-->
			                  <id>9</id>
			                  <type>1</type>
	                                  <size>66</size>
	                                  <bmp_current>0</bmp_current>
	                                  <bmp_total>1</bmp_total>
	                                  <code>0</code>
	                                  <bitmap>
	                                           <!--24x21-->
	                                         <frame>0xFF,0xFF,0xF0,0xFF,0xFF,0xFF,0xFF,0xFF,0xF0,0xFF,0xFF,0xF0,0xFF,0x9F,0xF0,0xFC,
											        0x93,0xF0,0xF8,0x91,0xF0,0xF1,0x98,0xF0,0xE3,0x9C,0x70,0xC7,0x9E,0x30,0xCF,0x9F,
													0x30,0xCF,0xFF,0x30,0xCF,0xFF,0x30,0xCF,0xFF,0x30,0xCF,0xFF,0x30,0xE7,0xFE,0x30,
													0xE3,0xFC,0x70,0xF1,0xF8,0xF0,0xF8,0x01,0xF0,0xFC,0x03,0xF0,0xFF,0xFF,0xF0,0xFF,
													0xFF,0xF0,</frame>
					 </bitmap>
					 
			          </item>
			          <item>
			                  <!--ID_ITEM_TXT_INFOMATION_TITLE-->
			                  <id>101</id>
			                  <type>3</type>
	                                  <font>2</font>
	                                  <format>72</format>
	                                  <frequency>500</frequency>
									  <tips name="ID_ITEM_TXT_INFOMATION_TITLE"></tips>
			          </item>
			          <item>
			                  <!--ID_ITEM_TXT_OFFLOAD_TITLE-->
			                  <id>102</id>
			                  <type>3</type>
	                                  <font>2</font>
	                                  <format>72</format>
	                                  <frequency>500</frequency>
									  <tips name="ID_ITEM_TXT_WIFI_EXTENDOR_TITLE">Internet WLAN</tips>
			          </item>
			          <item>
			                  <!--ID_ITEM_TXT_WIFIBAND_TITLE-->
			                  <id>103</id>
			                  <type>3</type>
	                                  <font>2</font>
	                                  <format>72</format>
	                                  <frequency>500</frequency>
									  <tips name="ID_ITEM_TXT_WIFIBAND_TITLE">Wi-Fi band</tips>
			          </item>
			          <item>
			                  <!--ID_ITEM_TXT_WIFI5G_TITLE-->
			                  <id>104</id>
			                  <type>3</type>
	                                  <font>2</font>
	                                  <format>72</format>
	                                  <frequency>500</frequency>
									  <tips name="ID_ITEM_TXT_WIFI5G_TITLE">5GHz</tips>
			          </item>
			          <item>
			                  <!--ID_ITEM_TXT_WIFI2G_TITLE-->
			                  <id>105</id>
			                  <type>3</type>
	                                  <font>2</font>
	                                  <format>72</format>
	                                  <frequency>500</frequency>
									  <tips name="ID_ITEM_TXT_WIFI2G_TITLE">2.4GHz</tips>
			          </item>
					  <item>
			                  <!--ID_ITEM_TXT_INFO_CONTENT-->
			                  <id>106</id>
			                  <type>3</type>
	                                  <font>2</font>
	                                  <format>320</format>
	                                  <frequency>500</frequency>
									  <tips name="ID_ITEM_TXT_INFO_DETAIL_CONTENT">details</tips>
			          </item>
					  <item>
			                  <!--ID_ITEM_TXT_QR_TITLE-->
			                  <id>107</id>
			                  <type>3</type>
	                                  <font>2</font>
	                                  <format>72</format>
	                                  <frequency>500</frequency>
									  <tips name="ID_ITEM_TXT_QR_TITLE">Wi-Fi key</tips>
			          </item>
				   <item>
			                  <!--ID_ITEM_TXT_URL_QR_TITLE-->
			                  <id>108</id>
			                  <type>3</type>
	                                  <font>2</font>
	                                  <format>72</format>
	                                  <frequency>500</frequency>
									  <tips name="ID_ITEM_TXT_URL_QR_TITLE">Mobile app</tips>
			          </item>
				  <item>
			                  <!--ID_ITEM_TXT_URL_QR_TITLE-->
			                  <id>109</id>
			                  <type>3</type>
	                                  <font>2</font>
                                          <format>72</format>
	                                  <frequency>500</frequency>
							  <tips name="ID_ITEM_TXT_2D_BARCODE_TITLE">2D Barcode</tips>
			          </item>
				  <item>
					             <!--ID_ITEM_TXT_ROAM_CONNECT_TITLE-->
			                  <id>110</id>
			                  <type>3</type>
	                                  <font>2</font>
	                                  <format>72</format>
	                                  <frequency>500</frequency>
									  <tips name="ID_ITEM_TXT_ROAM_CONNECT_TITLE">Data roaming</tips>
			          </item>
					  <item>
					             <!--ID_ITEM_TXT_FAST_BOOT_TITLE-->
			                  <id>111</id>
			                  <type>3</type>
	                                  <font>2</font>
	                                  <format>72</format>
	                                  <frequency>500</frequency>
									  <tips name="ID_ITEM_TXT_FAST_BOOT_TITLE">Fast boot</tips>
			          </item>
				   <item>
					             <!--ID_MENU_TXT_WPS_TITLE-->
			                  <id>112</id>
			                  <type>3</type>
	                                  <font>2</font>
	                                  <format>72</format>
	                                  <frequency>500</frequency>
									  <tips name="ID_MENU_TXT_WPS_TITLE">WPS</tips>
			          </item>
			          <item>
			                  <!--ID_ITEM_TXT_SMS_TITLE-->
			                  <id>113</id>
			                  <type>3</type>
	                                  <font>2</font>
	                                  <format>72</format>
	                                  <frequency>500</frequency>
	                                  <tips name="ID_ITEM_TXT_SMS_TITLE">Message</tips>
			          </item>
			          <item>
			                  <!--ID_ITEM_TXT_SMS_PHONE_NUM-->
			                  <id>114</id>
			                  <type>3</type>
	                                  <font>2</font>
	                                  <format>72</format>
	                                  <tips name="ID_ITEM_TXT_SMS_PHONE_NUM"></tips>
			          </item>
			          <item>
			                  <!--ID_ITEM_TXT_SMS_DATE-->
			                  <id>115</id>
			                  <type>3</type>
	                                  <font>2</font>
	                                  <format>72</format>
	                                  <tips name="ID_ITEM_TXT_SMS_DATE"></tips>
			          </item>			                  
			          <item>
			                  <!--ID_ITEM_TXT_SMS_CONTENT_FIRST-->
			                  <id>116</id>
			                  <type>3</type>
	                                  <font>2</font>
	                                  <format>256</format>
	                                  <tips name="ID_ITEM_TXT_SMS_CONTENT_FIRST"></tips>
			          </item>
			          <item>
			                  <!--ID_ITEM_TXT_SMS_CONTENT-->
			                  <id>117</id>
			                  <type>3</type>
	                                  <font>2</font>
	                                  <format>256</format>
	                                  <tips name="ID_ITEM_TXT_SMS_CONTENT"></tips>
			          </item>
			          <item>
			                  <!--ID_ITEM_TXT_SMS_CONTENT_HELP-->
			                  <id>118</id>
			                  <type>3</type>
	                                  <font>2</font>
	                                  <format>0</format>
	                                  <tips name="ID_ITEM_TXT_SMS_CONTENT_HELP"></tips>
			          </item>
				  <item>
					             <!--ID_ITEM_TXT_BACK_TITLE-->
			                  <id>119</id>
			                  <type>3</type>
	                                  <font>2</font>
	                                  <format>200</format>
	                                  <frequency>500</frequency>
									  <tips name="ID_ITEM_TXT_BACK_TITLE"></tips>
			          </item>
				  <item>
					             <!--ID_ITEM_TXT_NEXT_TITLE-->
			                  <id>120</id>
			                  <type>3</type>
	                                  <font>2</font>
	                                  <format>200</format>
	                                  <frequency>500</frequency>
									  <tips name="ID_ITEM_TXT_NEXT_TITLE"></tips>
			          </item>
				   <item>
					             <!--ID_ITEM_TXT_OK_TITLE-->
			                  <id>121</id>
			                  <type>3</type>
	                                  <font>2</font>
	                                  <format>200</format>
	                                  <frequency>500</frequency>
									  <tips name="ID_ITEM_TXT_OK_TITLE"></tips>
			          </item>
			          <item>
			                  <!--ID_ITEM_TXT_SMS_CONTENT_EMPTY-->
			                  <id>122</id>
			                  <type>3</type>
	                                  <font>2</font>
	                                  <format>0</format>
	                                  <tips name="ID_ITEM_TXT_SMS_CONTENT_EMPTY"></tips>
			          </item>
					  			          <item>
			                  <!--ID_ITEM_TXT_SMS_CONTENT_EMPTY-->
			                  <id>123</id>
			                  <type>3</type>
	                                  <font>2</font>
	                                  <format>0</format>
	                                  <tips name="ID_ITEM_TXT_SMS_REPORT"></tips>
			          </item>
					  					  			          <item>
			                  <!--ID_ITEM_TXT_SMS_CONTENT_EMPTY-->
			                  <id>124</id>
			                  <type>3</type>
	                                  <font>2</font>
	                                  <format>0</format>
	                                  <tips name="ID_ITEM_TXT_SMS_COLON"></tips>
			          </item>
					  					  					  			          <item>
			                  <!--ID_ITEM_TXT_SMS_CONTENT_EMPTY-->
			                  <id>125</id>
			                  <type>3</type>
	                                  <font>2</font>
	                                  <format>0</format>
	                                  <tips name="ID_ITEM_TXT_SMS_SUCCESS"></tips>
			          </item>
					  					  					  			          <item>
			                  <!--ID_ITEM_TXT_SMS_CONTENT_EMPTY-->
			                  <id>126</id>
			                  <type>3</type>
	                                  <font>2</font>
	                                  <format>0</format>
	                                  <tips name="ID_ITEM_TXT_SMS_FAILED"></tips>
			          </item>
					  			          <item>
			                  <!--ID_ITEM_TXT_SMS_CONTENT_EMPTY-->
			                  <id>127</id>
			                  <type>3</type>
	                                  <font>2</font>
	                                  <format>0</format>
	                                  <tips name="ID_ITEM_TXT_SIM_DETAIL"></tips>
			          </item>
					  					  			          <item>
			                  <!--ID_ITEM_TXT_SMS_CONTENT_EMPTY-->
			                  <id>128</id>
			                  <type>3</type>
	                                  <font>2</font>
	                                  <format>0</format>
	                                  <tips name="ID_ITEM_TXT_ROAM_DETAIL"></tips>
			          </item>
					  					  			          <item>
			                  <!--ID_ITEM_TXT_SMS_CONTENT_EMPTY-->
			                  <id>129</id>
			                  <type>3</type>
	                                  <font>2</font>
	                                  <format>0</format>
	                                  <tips name="ID_ITEM_TXT_PUK_DETAIL"></tips>
			          </item>
		     </resourceitem>
	</resource>
		
</config>