<?xml version="1.0" encoding="utf-8"?>
<nplog_config>
  <!-- 0:NO_LOG, 1:STDOUT, 2:FILE, 4:SDT, 8:LOGCAT, 16:QXDM -->
  <where>4</where>
  <!-- unit:KB -->
  <file_size>1000</file_size>
  <modules>
    <module>
      <name>http_stack</name>
      <mask>31</mask>
      <file></file>
    </module>
    <module>
      <name>HTTPC</name>
      <mask>31</mask>
      <file></file>
    </module>
    <module>
      <name>interface</name>
      <mask>31</mask>
      <file></file>
    </module>
    <module>
      <name>ipv6</name>
      <mask>31</mask>
      <file></file>
    </module>
    <module>
      <name>lan</name>
      <mask>31</mask>
      <file></file>
    </module>
    <module>
      <name>nat</name>
      <mask>31</mask>
      <file></file>
    </module>
    <module>
      <name>wan</name>
      <mask>31</mask>
      <file></file>
    </module>
    <module>
      <name>sys</name>
      <mask>31</mask>
      <file></file>
    </module>
    <module>
      <name>npd_main</name>
      <mask>31</mask>
      <file></file>
    </module>
    <module>
      <name>alg</name>
      <mask>31</mask>
      <file></file>
    </module>
    <module>
      <name>bridge</name>
      <mask>31</mask>
      <file></file>
    </module>
    <module>
      <name>route</name>
      <mask>31</mask>
      <file></file>
    </module>
    <module>
      <name>route util</name>
      <mask>31</mask>
      <file></file>
    </module>
    <module>
      <name>NetPlatform</name>
      <mask>31</mask>
      <file></file>
    </module>
    <module>
      <name>wi-fi</name>
      <mask>31</mask>
      <file></file>
    </module>
    <module>
      <name>nmr</name>
      <mask>31</mask>
      <file></file>
    </module>
    <module>
      <name>stacall</name>
      <mask>31</mask>
      <file></file>
    </module>
    <module>
      <name>call</name>
      <mask>31</mask>
      <file></file>
    </module>
    <module>
      <name>WISPr</name>
      <mask>31</mask>
      <file></file>
    </module>
    <module>
      <name>wpa_supplicant</name>
      <mask>31</mask>
      <file></file>
    </module>
    <module>
      <name>dhcp</name>
      <mask>31</mask>
      <file></file>
    </module>
    <module>
      <name>dhcp_server</name>
      <mask>31</mask>
      <file></file>
    </module>
    <module>
      <name>dns</name>
      <mask>31</mask>
      <file></file>
    </module>
    <module>
      <name>upnp</name>
      <mask>31</mask>
      <file></file>
    </module>
    <module>
      <name>samba</name>
      <mask>31</mask>
      <file></file>
    </module>
    <module>
      <name>ddns</name>
      <mask>31</mask>
      <file></file>
    </module>
    <module>
      <name>default</name>
      <mask>31</mask>
      <file></file>
    </module>
  </modules>
</nplog_config>