<?xml version="1.0" encoding="UTF-8"?>
<config>
	<module>
	    <module_name>dialup</module_name>
		<file_name>config.xml</file_name>
		<upload>true</upload>
    </module>
	<module>
	    <module_name>dialup</module_name>
		<file_name>profilelist.xml</file_name>
		<upload>true</upload>
    </module>
	<module>
	    <module_name>lan</module_name>
		<file_name>config.xml</file_name>
		<upload>true</upload>
    </module>
	<module>
	    <module_name>firewall</module_name>
		<file_name>config.xml</file_name>
		<upload>true</upload>
    </module>
    <module>
	    <module_name>firewall</module_name>
		<file_name>ipfilter.xml</file_name>
		<upload>true</upload>
    </module>
	 <module>
	    <module_name>firewall</module_name>
		<file_name>specialapp.xml</file_name>
		<upload>true</upload>
    </module>
	<module>
	    <module_name>firewall</module_name>
		<file_name>virtualserver.xml</file_name>
		<upload>true</upload>
    </module>
	<module>
	    <module_name>device</module_name>
		<file_name>config.xml</file_name>
		<upload>true</upload>
    </module>
	<module>
	    <module_name>global</module_name>
		<file_name>config.xml</file_name>
		<upload>true</upload>
    </module>
	<module>
	    <module_name>webserver</module_name>
		<file_name>config.xml</file_name>
		<upload>true</upload>
    </module>
	<module>
	    <module_name>upnp</module_name>
		<file_name>config.xml</file_name>
		<upload>true</upload>
    </module>
	<module>
	    <module_name>wifi</module_name>
		<file_name>config.xml</file_name>
		<upload>true</upload>
    </module>
	<module>
	    <module_name>wifistation</module_name>
		<file_name>config.xml</file_name>
		<upload>true</upload>
    </module>
	<module>
	    <module_name>wifistation</module_name>
		<file_name>staprofilelist.xml</file_name>
		<upload>false</upload>
    </module>
</config>