<InternetGatewayDevice CMO="0x20000100" AppName="device" ReadBits="0x1F" WriteBits="0x1E"><DeviceSummary CMO="0x08800101" AppName="device" MaxLength="256" DefaultValue="" ReadBits="0x13" WriteBits="0x12"/><LANDeviceNumberOfEntries CMO="0x09800102" AppName="device" MaxLength="0" DefaultValue="0xFFFFFFFF" ReadBits="0x13" WriteBits="0x12"/><WANDeviceNumberOfEntries CMO="0x09800103" AppName="device" MaxLength="0" DefaultValue="0xFFFFFFFF" ReadBits="0x13" WriteBits="0x12"/><DeviceConfig CMO="0x28100200" AppName="cwmp" ReadBits="0x1F" WriteBits="0x1E"><PersistentData CMO="0x20900201" AppName="cwmp" MaxLength="256" DefaultValue="1" ReadBits="0x1F" WriteBits="0x1E"/><ConfigFile CMO="0x00900202" AppName="cwmp" MaxLength="256" DefaultValue="1" ReadBits="0x13" WriteBits="0x12"/></DeviceConfig><DeviceInfo CMO="0x20000300" AppName="device" ReadBits="0x1F" WriteBits="0x1E"><Manufacturer CMO="0x08800301" AppName="device" MaxLength="256" DefaultValue="" ReadBits="0x13" WriteBits="0x12"/><ManufacturerOUI CMO="0x08800302" AppName="device" MaxLength="256" DefaultValue="" ReadBits="0x1F" WriteBits="0x1E"/><ModelName CMO="0x08800303" AppName="device" MaxLength="256" DefaultValue="" ReadBits="0x13" WriteBits="0x12"/><Description CMO="0x08800304" AppName="device" MaxLength="256" DefaultValue="" ReadBits="0x13" WriteBits="0x12"/><ProductClass CMO="0x08800305" AppName="device" MaxLength="256" DefaultValue="" ReadBits="0x1F" WriteBits="0x1E"/><SerialNumber CMO="0x08800306" AppName="device" MaxLength="256" DefaultValue="" ReadBits="0x1F" WriteBits="0x1E"/><HardwareVersion CMO="0x08800307" AppName="device" MaxLength="256" DefaultValue="" ReadBits="0x1F" WriteBits="0x1E"/><SoftwareVersion CMO="0x08800308" AppName="device" MaxLength="256" DefaultValue="" ReadBits="0x1F" WriteBits="0x1E"/><ModemFirmwareVersion CMO="0x08800309" AppName="device" MaxLength="256" DefaultValue="" ReadBits="0x13" WriteBits="0x12"/><AdditionalSoftwareVersion CMO="0x0880030A" AppName="device" MaxLength="256" DefaultValue="" ReadBits="0x13" WriteBits="0x12"/><SpecVersion CMO="0x0880030B" AppName="device" MaxLength="256" DefaultValue="" ReadBits="0x13" WriteBits="0x12"/><ProvisioningCode CMO="0x6880030C" AppName="device" MaxLength="256" DefaultValue="" ReadBits="0x13" WriteBits="0x13"/><UpTime CMO="0x0580030D" AppName="device" MaxLength="0" DefaultValue="0xFFFFFFFF" ReadBits="0x1F" WriteBits="0x1E"/></DeviceInfo><ManagementServer CMO="0x20100400" AppName="cwmp" ReadBits="0x1F" WriteBits="0x1E"><EnableCWMP CMO="0x6A100401" AppName="cwmp" MaxLength="0" DefaultValue="1" ReadBits="0x13" WriteBits="0x13"/><URL CMO="0x68900402" AppName="cwmp" MaxLength="256" DefaultValue="http://hcms.huawei.com" ReadBits="0x1B" WriteBits="0x1B"/><Username CMO="0x68900403" AppName="cwmp" MaxLength="256" DefaultValue="hgw" ReadBits="0x1B" WriteBits="0x1B"/><Password CMO="0x68900404" AppName="cwmp" MaxLength="256" DefaultValue="hgw" ReadBits="0x1B" WriteBits="0x1B"/><PeriodicInformEnable CMO="0x6A100405" AppName="cwmp" MaxLength="0" DefaultValue="1" ReadBits="0x1B" WriteBits="0x1B"/><PeriodicInformInterval CMO="0x69900406" AppName="cwmp" MaxLength="0" DefaultValue="7200" ReadBits="0x1B" WriteBits="0x1B"/><ParameterKey CMO="0x00900407" AppName="cwmp" MaxLength="256" DefaultValue="" ReadBits="0x13" WriteBits="0x12"/><ConnectionRequestURL CMO="0x08900408" AppName="cwmp" MaxLength="256" DefaultValue="" ReadBits="0x13" WriteBits="0x12"/><ConnectionRequestUsername CMO="0x68900409" AppName="cwmp" MaxLength="256" DefaultValue="acs" ReadBits="0x1B" WriteBits="0x1B"/><ConnectionRequestPassword CMO="0x6890040A" AppName="cwmp" MaxLength="256" DefaultValue="acs" ReadBits="0x1B" WriteBits="0x1B"/></ManagementServer><UserInterface CMO="0x28080500" AppName="online-update" ReadBits="0x1F" WriteBits="0x1E"><X_HUAWEI-COM_Web CMO="0x280A0B00" AppName="online-update" ReadBits="0x1F" WriteBits="0x1E"><HttpUpg CMO="0x280A0C00" AppName="online-update" ReadBits="0x1F" WriteBits="0x1E"><UpdateURL CMO="0x28880C01" AppName="online-update" MaxLength="256" DefaultValue="" ReadBits="0x1F" WriteBits="0x1E"/><UpdatePort CMO="0x28880C02" AppName="online-update" MaxLength="256" DefaultValue="80" ReadBits="0x1F" WriteBits="0x1E"/></HttpUpg></X_HUAWEI-COM_Web></UserInterface><IPPingDiagnostics CMO="0x00280600" AppName="diagnosis" ReadBits="0x1F" WriteBits="0x1E"><DiagnosticsState CMO="0x40A80601" AppName="diagnosis" MaxLength="256" DefaultValue="" ReadBits="0x13" WriteBits="0x13"/><Interface CMO="0x48A80602" AppName="diagnosis" MaxLength="256" DefaultValue="" ReadBits="0x13" WriteBits="0x13"/><Host CMO="0x48A80603" AppName="diagnosis" MaxLength="256" DefaultValue="" ReadBits="0x13" WriteBits="0x13"/><NumberOfRepetitions CMO="0x49A80604" AppName="diagnosis" MaxLength="0" DefaultValue="0xFFFFFFFF" ReadBits="0x13" WriteBits="0x13"/><Timeout CMO="0x49A80605" AppName="diagnosis" MaxLength="0" DefaultValue="0xFFFFFFFF" ReadBits="0x13" WriteBits="0x13"/><DataBlockSize CMO="0x49A80606" AppName="diagnosis" MaxLength="0" DefaultValue="0xFFFFFFFF" ReadBits="0x13" WriteBits="0x13"/><DSCP CMO="0x49A80607" AppName="diagnosis" MaxLength="0" DefaultValue="0" ReadBits="0x13" WriteBits="0x13"/><SuccessCount CMO="0x01A80608" AppName="diagnosis" MaxLength="0" DefaultValue="0xFFFFFFFF" ReadBits="0x13" WriteBits="0x12"/><FailureCount CMO="0x01A80609" AppName="diagnosis" MaxLength="0" DefaultValue="0xFFFFFFFF" ReadBits="0x13" WriteBits="0x12"/><AverageResponseTime CMO="0x01A8060A" AppName="diagnosis" MaxLength="0" DefaultValue="0xFFFFFFFF" ReadBits="0x13" WriteBits="0x12"/><MinimumResponseTime CMO="0x01A8060B" AppName="diagnosis" MaxLength="0" DefaultValue="0xFFFFFFFF" ReadBits="0x13" WriteBits="0x12"/><MaximumResponseTime CMO="0x01A8060C" AppName="diagnosis" MaxLength="0" DefaultValue="0xFFFFFFFF" ReadBits="0x13" WriteBits="0x12"/></IPPingDiagnostics><LANDevice CMO="0xA0000700" AppName="device" ReadBits="0x1F" WriteBits="0x1E"><LANEthernetInterfaceNumberOfEntries CMO="0x89800701" AppName="device" MaxLength="0" DefaultValue="0xFFFFFFFF" ReadBits="0x13" WriteBits="0x1E"/><LANWLANConfigurationNumberOfEntries CMO="0x89800702" AppName="device" MaxLength="0" DefaultValue="0xFFFFFFFF" ReadBits="0x13" WriteBits="0x1E"/></LANDevice><WANDevice CMO="0xA0100800" AppName="cwmp" ReadBits="0x1F" WriteBits="0x1E"><WANConnectionNumberOfEntries CMO="0x81900801" AppName="cwmp" MaxLength="0" DefaultValue="0xFFFFFFFF" ReadBits="0x13" WriteBits="0x12"/><X_HUAWEI-COM_WANNetConfigInfo CMO="0x20320D00" AppName="monitoring" ReadBits="0x1F" WriteBits="0x1E"><PLMN CMO="0x0CB00D01" AppName="monitoring" MaxLength="256" DefaultValue="" ReadBits="0x1F" WriteBits="0x1E"/><ServiceStatus CMO="0x0CB00D02" AppName="monitoring" MaxLength="256" DefaultValue="" ReadBits="0x1F" WriteBits="0x1E"/><SignalQuality CMO="0x0D300D03" AppName="monitoring" MaxLength="0" DefaultValue="0" ReadBits="0x1F" WriteBits="0x1E"/><RSRQ CMO="0x0D300D04" AppName="monitoring" MaxLength="0" DefaultValue="0" ReadBits="0x1F" WriteBits="0x1E"/><RSRP CMO="0x0D300D05" AppName="monitoring" MaxLength="0" DefaultValue="0" ReadBits="0x1F" WriteBits="0x1E"/><RSSI CMO="0x0D300D06" AppName="monitoring" MaxLength="0" DefaultValue="0" ReadBits="0x1F" WriteBits="0x1E"/><RoamStatus CMO="0x0CB00D07" AppName="monitoring" MaxLength="256" DefaultValue="" ReadBits="0x1F" WriteBits="0x1E"/></X_HUAWEI-COM_WANNetConfigInfo><WANConnectionDevice CMO="0xA0100E00" AppName="cwmp" ReadBits="0x1F" WriteBits="0x1E"><WANIPConnectionNumberOfEntries CMO="0x89900E01" AppName="cwmp" MaxLength="0" DefaultValue="0xFFFFFFFF" ReadBits="0x1F" WriteBits="0x1E"/><X_HUAWEI-COM_APN CMO="0xA01A0F00" AppName="dialup" ReadBits="0x1F" WriteBits="0x1E"><APNName CMO="0xA8980F01" AppName="dialup" MaxLength="256" DefaultValue="" ReadBits="0x1F" WriteBits="0x1E"/><APN CMO="0xA8980F02" AppName="dialup" MaxLength="256" DefaultValue="" ReadBits="0x1F" WriteBits="0x1E"/><AuthenticationProtocol CMO="0xA8980F03" AppName="dialup" MaxLength="256" DefaultValue="AUTO" ReadBits="0x1F" WriteBits="0x1E"/><Username CMO="0xA8980F04" AppName="dialup" MaxLength="256" DefaultValue="" ReadBits="0x1F" WriteBits="0x1E"/><Password CMO="0xA8980F05" AppName="dialup" MaxLength="256" DefaultValue="" ReadBits="0x1F" WriteBits="0x1E"/><DialNumber CMO="0xA8980F06" AppName="dialup" MaxLength="256" DefaultValue="" ReadBits="0x1F" WriteBits="0x1E"/></X_HUAWEI-COM_APN><WANIPConnection CMO="0xA0201000" AppName="wan" ReadBits="0x1F" WriteBits="0x1E"><Enable CMO="0xEA201001" AppName="wan" MaxLength="0" DefaultValue="0" ReadBits="0x1F" WriteBits="0x1F"/><ConnectionStatus CMO="0x88A01002" AppName="wan" MaxLength="256" DefaultValue="" ReadBits="0x1F" WriteBits="0x1E"/><ConnectionType CMO="0xA0A01003" AppName="wan" MaxLength="256" DefaultValue="IP_Routed" ReadBits="0x1F" WriteBits="0x1E"/><Name CMO="0xE8A01004" AppName="wan" MaxLength="256" DefaultValue="" ReadBits="0x1F" WriteBits="0x1F"/><LastConnectionError CMO="0x88A01005" AppName="wan" MaxLength="256" DefaultValue="ERROR_NONE" ReadBits="0x13" WriteBits="0x12"/><AddressingType CMO="0xA8A01006" AppName="wan" MaxLength="256" DefaultValue="" ReadBits="0x1F" WriteBits="0x1E"/><ExternalIPAddress CMO="0xA8A01007" AppName="wan" MaxLength="256" DefaultValue="" ReadBits="0x1F" WriteBits="0x1E"/><SubnetMask CMO="0xA8A01008" AppName="wan" MaxLength="256" DefaultValue="" ReadBits="0x1F" WriteBits="0x1E"/><DefaultGateway CMO="0xA8A01009" AppName="wan" MaxLength="256" DefaultValue="" ReadBits="0x1F" WriteBits="0x1E"/><DNSEnabled CMO="0xAA20100A" AppName="wan" MaxLength="0" DefaultValue="1" ReadBits="0x13" WriteBits="0x1E"/><DNSServers CMO="0xA8A0100B" AppName="wan" MaxLength="256" DefaultValue="" ReadBits="0x1F" WriteBits="0x1E"/><MaxMTUSize CMO="0xE9A0100C" AppName="wan" MaxLength="0" DefaultValue="1500" ReadBits="0x1F" WriteBits="0x1F"/><ConnectionTrigger CMO="0xA8A0100D" AppName="wan" MaxLength="256" DefaultValue="AlwaysOn" ReadBits="0x1F" WriteBits="0x1E"/><X_HUAWEI-COM_IPv4Enable CMO="0xAA22100E" AppName="wan" MaxLength="0" DefaultValue="1" ReadBits="0x1F" WriteBits="0x1E"/><X_HUAWEI-COM_IPv6Enable CMO="0xAA22100F" AppName="wan" MaxLength="0" DefaultValue="0" ReadBits="0x1F" WriteBits="0x1E"/><X_HUAWEI-COM_IPv6ConnectionStatus CMO="0x88A21010" AppName="wan" MaxLength="256" DefaultValue="" ReadBits="0x1F" WriteBits="0x1E"/><X_HUAWEI-COM_IPv6AddressingType CMO="0xA8A21011" AppName="wan" MaxLength="256" DefaultValue="SLAAC" ReadBits="0x1F" WriteBits="0x1E"/><X_HUAWEI-COM_IPv6PrefixList CMO="0x88A21012" AppName="wan" MaxLength="256" DefaultValue="" ReadBits="0x1F" WriteBits="0x1E"/><X_HUAWEI-COM_IPv6DefaultGateway CMO="0xA8A21013" AppName="wan" MaxLength="256" DefaultValue="" ReadBits="0x1F" WriteBits="0x1E"/><X_HUAWEI-COM_IPv6DNSEnabled CMO="0xAA221014" AppName="wan" MaxLength="0" DefaultValue="1" ReadBits="0x13" WriteBits="0x1E"/><X_HUAWEI-COM_IPv6DNSServers CMO="0xA8A21015" AppName="wan" MaxLength="256" DefaultValue="" ReadBits="0x1F" WriteBits="0x1E"/><X_HUAWEI-COM_IPv6Address CMO="0xA8A21016" AppName="wan" MaxLength="256" DefaultValue="" ReadBits="0x1F" WriteBits="0x1E"/><X_HUAWEI-COM_IPv6PrefixLength CMO="0xA9A21017" AppName="wan" MaxLength="0" DefaultValue="0" ReadBits="0x1F" WriteBits="0x1E"/><X_HUAWEI-COM_NetworkPriority CMO="0xA8A21018" AppName="wan" MaxLength="256" DefaultValue="AUTO" ReadBits="0x1F" WriteBits="0x1E"/><X_HUAWEI-COM_APNName CMO="0xA8A21019" AppName="wan" MaxLength="256" DefaultValue="" ReadBits="0x0F" WriteBits="0x0E"/><X_HUAWEI-COM_VoipEnable CMO="0xAA22101A" AppName="wan" MaxLength="0" DefaultValue="0" ReadBits="0x1F" WriteBits="0x1E"/><X_HUAWEI-COM_RoamingDisable CMO="0xAA22101B" AppName="wan" MaxLength="0" DefaultValue="0" ReadBits="0x1F" WriteBits="0x1E"/></WANIPConnection></WANConnectionDevice></WANDevice><Services CMO="0x28100900" AppName="cwmp" ReadBits="0x1F" WriteBits="0x1E"><X_HUAWEI-COM_ALGAbility CMO="0x283A1100" AppName="security" ReadBits="0x1F" WriteBits="0x1E"><SIPEnable CMO="0x6A381101" AppName="security" MaxLength="0" DefaultValue="0" ReadBits="0x1F" WriteBits="0x1F"/><SIPPort CMO="0x69B81102" AppName="security" MaxLength="0" DefaultValue="5060" ReadBits="0x1F" WriteBits="0x1F"/></X_HUAWEI-COM_ALGAbility><VoiceService CMO="0xA0401200" AppName="voice" ReadBits="0x1F" WriteBits="0x1E"><VoiceProfileNumberOfEntries CMO="0xA1C01201" AppName="voice" MaxLength="0" DefaultValue="0" ReadBits="0x13" WriteBits="0x1E"/><X_HUAWEI-COM_UmtsEnable CMO="0xA2421202" AppName="voice" MaxLength="0" DefaultValue="1" ReadBits="0x1F" WriteBits="0x1E"/><X_HUAWEI-COM_UmtsClipEnable CMO="0xA2421203" AppName="voice" MaxLength="0" DefaultValue="1" ReadBits="0x1F" WriteBits="0x1E"/><X_HUAWEI-COM_UmtsNumber CMO="0xA0C21204" AppName="voice" MaxLength="256" DefaultValue="3333" ReadBits="0x1F" WriteBits="0x1E"/><VoiceProfile CMO="0xA0401300" AppName="voice" ReadBits="0x1F" WriteBits="0x1E"><Enable CMO="0xA8C01301" AppName="voice" MaxLength="256" DefaultValue="Enabled" ReadBits="0x1F" WriteBits="0x1E"/><NumberOfLines CMO="0xA9C01302" AppName="voice" MaxLength="0" DefaultValue="0" ReadBits="0x13" WriteBits="0x1E"/><Name CMO="0xE8C01303" AppName="voice" MaxLength="256" DefaultValue="Profile1" ReadBits="0x1F" WriteBits="0x1F"/><Region CMO="0xC8C01304" AppName="voice" MaxLength="256" DefaultValue="CN" ReadBits="0x1F" WriteBits="0x1F"/><DigitMap CMO="0xC8C01305" AppName="voice" MaxLength="256" DefaultValue="[X*#ABCD].T" ReadBits="0x1F" WriteBits="0x1F"/><DTMFMethod CMO="0xE8C01306" AppName="voice" MaxLength="256" DefaultValue="InBand" ReadBits="0x1F" WriteBits="0x1F"/><STUNServer CMO="0xE8C01307" AppName="voice" MaxLength="256" DefaultValue="" ReadBits="0x1F" WriteBits="0x1F"/><X_HUAWEI-COM_STUNServerPort CMO="0xE9C21308" AppName="voice" MaxLength="0" DefaultValue="3478" ReadBits="0x1F" WriteBits="0x1F"/><X_HUAWEI-COM_EnableSharpKey CMO="0xCA421309" AppName="voice" MaxLength="0" DefaultValue="1" ReadBits="0x1F" WriteBits="0x1F"/><X_HUAWEI-COM_HotLineEnable CMO="0xCA42130A" AppName="voice" MaxLength="0" DefaultValue="0" ReadBits="0x13" WriteBits="0x13"/><X_HUAWEI-COM_HotLineIntervalTime CMO="0xC9C2130B" AppName="voice" MaxLength="0" DefaultValue="7" ReadBits="0x13" WriteBits="0x13"/><X_HUAWEI-COM_HotLineNumber CMO="0xC8C2130C" AppName="voice" MaxLength="256" DefaultValue="" ReadBits="0x13" WriteBits="0x13"/><X_HUAWEI-COM_OffHookTime CMO="0xC9C2130D" AppName="voice" MaxLength="0" DefaultValue="250" ReadBits="0x13" WriteBits="0x13"/><X_HUAWEI-COM_OnHookTime CMO="0xC9C2130E" AppName="voice" MaxLength="0" DefaultValue="250" ReadBits="0x13" WriteBits="0x13"/><X_HUAWEI-COM_MinHookFlash CMO="0xC9C2130F" AppName="voice" MaxLength="0" DefaultValue="80" ReadBits="0x13" WriteBits="0x13"/><X_HUAWEI-COM_MaxHookFlash CMO="0xC9C21310" AppName="voice" MaxLength="0" DefaultValue="250" ReadBits="0x13" WriteBits="0x13"/><SIP CMO="0x28401500" AppName="voice" ReadBits="0x1F" WriteBits="0x1E"><ProxyServer CMO="0x68C01501" AppName="voice" MaxLength="256" DefaultValue="" ReadBits="0x1F" WriteBits="0x1F"/><ProxyServerPort CMO="0x69C01502" AppName="voice" MaxLength="0" DefaultValue="5060" ReadBits="0x1F" WriteBits="0x1F"/><RegistrarServer CMO="0x68C01503" AppName="voice" MaxLength="256" DefaultValue="" ReadBits="0x1F" WriteBits="0x1F"/><RegistrarServerPort CMO="0x69C01504" AppName="voice" MaxLength="0" DefaultValue="5060" ReadBits="0x1F" WriteBits="0x1F"/><X_HUAWEI-COM_SIPDomain CMO="0x68C21505" AppName="voice" MaxLength="256" DefaultValue="" ReadBits="0x1F" WriteBits="0x1F"/><X_HUAWEI-COM_SecondProxyServer CMO="0x68C21506" AppName="voice" MaxLength="256" DefaultValue="" ReadBits="0x1F" WriteBits="0x1F"/><X_HUAWEI-COM_SecondProxyServerPort CMO="0x69C21507" AppName="voice" MaxLength="0" DefaultValue="5060" ReadBits="0x1F" WriteBits="0x1F"/><UserAgentPort CMO="0x69C01508" AppName="voice" MaxLength="0" DefaultValue="6050" ReadBits="0x1F" WriteBits="0x1F"/><X_HUAWEI-COM_SecondRegistrarServer CMO="0x68C21509" AppName="voice" MaxLength="256" DefaultValue="" ReadBits="0x1F" WriteBits="0x1F"/><X_HUAWEI-COM_SecondRegistrarServerPort CMO="0x69C2150A" AppName="voice" MaxLength="0" DefaultValue="5060" ReadBits="0x1F" WriteBits="0x1F"/><X_HUAWEI-COM_SecondSIPDomain CMO="0x68C2150B" AppName="voice" MaxLength="256" DefaultValue="" ReadBits="0x1F" WriteBits="0x1F"/><OutboundProxy CMO="0x68C0150C" AppName="voice" MaxLength="256" DefaultValue="" ReadBits="0x1F" WriteBits="0x1F"/><OutboundProxyPort CMO="0x69C0150D" AppName="voice" MaxLength="0" DefaultValue="5060" ReadBits="0x1F" WriteBits="0x1F"/><RegisterExpires CMO="0x49C0150E" AppName="voice" MaxLength="0" DefaultValue="300" ReadBits="0x1F" WriteBits="0x1F"/><RegisterRetryInterval CMO="0x49C0150F" AppName="voice" MaxLength="0" DefaultValue="900" ReadBits="0x1F" WriteBits="0x1F"/><X_HUAWEI-COM_PrackSupport CMO="0x4A421510" AppName="voice" MaxLength="0" DefaultValue="0" ReadBits="0x1F" WriteBits="0x1F"/><X_HUAWEI-COM_UrgencyUsePriority CMO="0x4A421511" AppName="voice" MaxLength="0" DefaultValue="1" ReadBits="0x13" WriteBits="0x13"/><X_HUAWEI-COM_SessionExpires CMO="0x49C21512" AppName="voice" MaxLength="0" DefaultValue="3600" ReadBits="0x1F" WriteBits="0x1F"/><X_HUAWEI-COM_MinSessionExpires CMO="0x49C21513" AppName="voice" MaxLength="0" DefaultValue="90" ReadBits="0x1F" WriteBits="0x1F"/><X_HUAWEI-COM_HoldMethod CMO="0x49C21514" AppName="voice" MaxLength="0" DefaultValue="0" ReadBits="0x1F" WriteBits="0x1F"/><X_HUAWEI-COM_InterfaceName CMO="0x48C21515" AppName="voice" MaxLength="256" DefaultValue="" ReadBits="0x13" WriteBits="0x1F"/></SIP><RTP CMO="0x08401600" AppName="voice" ReadBits="0x1F" WriteBits="0x1E"><LocalPortMin CMO="0x49C01601" AppName="voice" MaxLength="0" DefaultValue="50000" ReadBits="0x1F" WriteBits="0x1F"/><LocalPortMax CMO="0x49C01602" AppName="voice" MaxLength="0" DefaultValue="50019" ReadBits="0x1F" WriteBits="0x1F"/><X_HUAWEI-COM_JitterBuffer CMO="0x4A421603" AppName="voice" MaxLength="0" DefaultValue="1" ReadBits="0x1F" WriteBits="0x1F"/><X_HUAWEI-COM_JitterBufferLength CMO="0x49C21604" AppName="voice" MaxLength="0" DefaultValue="20" ReadBits="0x1F" WriteBits="0x1F"/><X_HUAWEI-COM_PackLostCompensate CMO="0x4A421605" AppName="voice" MaxLength="0" DefaultValue="1" ReadBits="0x1F" WriteBits="0x1F"/><X_HUAWEI-COM_JitterBufferType CMO="0x49C21606" AppName="voice" MaxLength="0" DefaultValue="1" ReadBits="0x1F" WriteBits="0x1F"/><RTCP CMO="0x28401900" AppName="voice" ReadBits="0x1F" WriteBits="0x1E"><TxRepeatInterval CMO="0x69C01901" AppName="voice" MaxLength="0" DefaultValue="3000" ReadBits="0x1F" WriteBits="0x1F"/></RTCP></RTP><NumberingPlan CMO="0x28401700" AppName="voice" ReadBits="0x1F" WriteBits="0x1E"><InterDigitTimerStd CMO="0x69C01701" AppName="voice" MaxLength="0" DefaultValue="5000" ReadBits="0x1F" WriteBits="0x1F"/><X_HUAWEI-COM_StartDigitTimerStd CMO="0x69C21702" AppName="voice" MaxLength="0" DefaultValue="10000" ReadBits="0x1F" WriteBits="0x1F"/><X_HUAWEI-COM_UnResponseInterval CMO="0x69C21703" AppName="voice" MaxLength="0" DefaultValue="60000" ReadBits="0x1F" WriteBits="0x1F"/><X_HUAWEI-COM_HowlToneTime CMO="0x69C21704" AppName="voice" MaxLength="0" DefaultValue="60000" ReadBits="0x1F" WriteBits="0x1F"/><X_HUAWEI-COM_EmergencyRoute CMO="0x69C21705" AppName="voice" MaxLength="0" DefaultValue="0" ReadBits="0x1F" WriteBits="0x1F"/><X_HUAWEI-COM_EmergencyRouteAccount CMO="0x68C21706" AppName="voice" MaxLength="256" DefaultValue="" ReadBits="0x1F" WriteBits="0x1F"/><X_HUAWEI-COM_BusyToneTime CMO="0x69C21707" AppName="voice" MaxLength="0" DefaultValue="40000" ReadBits="0x1F" WriteBits="0x1F"/><X_HUAWEI-COM_OutgoingSuffixInfo CMO="0xE0421A00" AppName="voice" ReadBits="0x1F" WriteBits="0x1F"><PrefixRange CMO="0xE8C01A01" AppName="voice" MaxLength="256" DefaultValue="" ReadBits="0x1F" WriteBits="0x1F"/><PrefixAssociateNumber CMO="0xE8C01A02" AppName="voice" MaxLength="256" DefaultValue="" ReadBits="0x1F" WriteBits="0x1F"/></X_HUAWEI-COM_OutgoingSuffixInfo></NumberingPlan><Line CMO="0xE0401800" AppName="voice" ReadBits="0x1F" WriteBits="0x1F"><Enable CMO="0xA8C01801" AppName="voice" MaxLength="256" DefaultValue="Enabled" ReadBits="0x1F" WriteBits="0x1E"/><DirectoryNumber CMO="0xE8C01802" AppName="voice" MaxLength="256" DefaultValue="" ReadBits="0x1F" WriteBits="0x1F"/><Status CMO="0x8CC01803" AppName="voice" MaxLength="256" DefaultValue="unRegister" ReadBits="0x1F" WriteBits="0x1E"/><CallState CMO="0xACC01804" AppName="voice" MaxLength="256" DefaultValue="Idle" ReadBits="0x1F" WriteBits="0x1E"/><X_HUAWEI-COM_ClipEnable CMO="0xEA421805" AppName="voice" MaxLength="0" DefaultValue="1" ReadBits="0x1F" WriteBits="0x1F"/><X_HUAWEI-COM_FaxOption CMO="0xE8C21806" AppName="voice" MaxLength="256" DefaultValue="G711A" ReadBits="0x1F" WriteBits="0x1F"/><X_HUAWEI-COM_FaxDetectType CMO="0xE9C21807" AppName="voice" MaxLength="0" DefaultValue="1" ReadBits="0x1F" WriteBits="0x1F"/><X_HUAWEI-COM_BusyOnBusy CMO="0xEA421808" AppName="voice" MaxLength="0" DefaultValue="0" ReadBits="0x1F" WriteBits="0x1F"/><SIP CMO="0x28401B00" AppName="voice" ReadBits="0x1F" WriteBits="0x1E"><AuthUserName CMO="0x68C01B01" AppName="voice" MaxLength="256" DefaultValue="" ReadBits="0x1F" WriteBits="0x1F"/><AuthPassword CMO="0x68C01B02" AppName="voice" MaxLength="256" DefaultValue="" ReadBits="0x1F" WriteBits="0x1F"/><URI CMO="0x68C01B03" AppName="voice" MaxLength="256" DefaultValue="" ReadBits="0x13" WriteBits="0x13"/><X_HUAWEI-COM_MWISubscribeURI CMO="0x68C21B04" AppName="voice" MaxLength="256" DefaultValue="" ReadBits="0x1F" WriteBits="0x1F"/><X_HUAWEI-COM_AreaEnable CMO="0x6A421B05" AppName="voice" MaxLength="0" DefaultValue="0" ReadBits="0x1F" WriteBits="0x1F"/><X_HUAWEI-COM_AreaCode CMO="0x68C21B06" AppName="voice" MaxLength="256" DefaultValue="" ReadBits="0x1F" WriteBits="0x1F"/></SIP><Codec CMO="0x28401C00" AppName="voice" ReadBits="0x1F" WriteBits="0x1E"><List CMO="0xA8401D00" AppName="voice" ReadBits="0x1F" WriteBits="0x1E"><Codec CMO="0xA8C01D01" AppName="voice" MaxLength="256" DefaultValue="" ReadBits="0x1F" WriteBits="0x1E"/><Enable CMO="0xAA401D02" AppName="voice" MaxLength="0" DefaultValue="1" ReadBits="0x1F" WriteBits="0x1E"/><PacketizationPeriod CMO="0xE8C01D03" AppName="voice" MaxLength="256" DefaultValue="20" ReadBits="0x1F" WriteBits="0x1F"/><SilenceSuppression CMO="0xEA401D04" AppName="voice" MaxLength="0" DefaultValue="1" ReadBits="0x1F" WriteBits="0x1F"/><Priority CMO="0xE9C01D05" AppName="voice" MaxLength="0" DefaultValue="1" ReadBits="0x1F" WriteBits="0x1F"/></List></Codec></Line></VoiceProfile><PhyInterface CMO="0xA8401400" AppName="voice" ReadBits="0x1F" WriteBits="0x1E"><PhyPort CMO="0x8CC01401" AppName="voice" MaxLength="256" DefaultValue="" ReadBits="0x1F" WriteBits="0x1E"/><InterfaceID CMO="0xA9C01402" AppName="voice" MaxLength="0" DefaultValue="0" ReadBits="0x13" WriteBits="0x1E"/><X_HUAWEI-COM_InCallNumber CMO="0xE8C21403" AppName="voice" MaxLength="256" DefaultValue="" ReadBits="0x1F" WriteBits="0x1F"/><X_HUAWEI-COM_IncomingLineList CMO="0xECC21404" AppName="voice" MaxLength="256" DefaultValue="all" ReadBits="0x1F" WriteBits="0x1F"/><X_HUAWEI-COM_OutgoingLineList CMO="0xECC21405" AppName="voice" MaxLength="256" DefaultValue="auto" ReadBits="0x1F" WriteBits="0x1F"/><X_HUAWEI-COM_Name CMO="0xE8C21406" AppName="voice" MaxLength="256" DefaultValue="" ReadBits="0x1F" WriteBits="0x1F"/><X_HUAWEI-COM_CFUDestPortId CMO="0xE9421407" AppName="voice" MaxLength="0" DefaultValue="-1" ReadBits="0x13" WriteBits="0x13"/><X_HUAWEI-COM_CFBDestPortId CMO="0xE9421408" AppName="voice" MaxLength="0" DefaultValue="-1" ReadBits="0x13" WriteBits="0x13"/><X_HUAWEI-COM_CFNRDestPortId CMO="0xE9421409" AppName="voice" MaxLength="0" DefaultValue="-1" ReadBits="0x13" WriteBits="0x13"/></PhyInterface></VoiceService></Services><SMS CMO="0x28480A00" AppName="sms" ReadBits="0x1F" WriteBits="0x1E"><X_HUAWEI-COM_SaveSentMsgEnable CMO="0x6A4A0A01" AppName="sms" MaxLength="0" DefaultValue="0" ReadBits="0x1F" WriteBits="0x1F"/><X_HUAWEI-COM_SMSCenterNumber CMO="0x68CA0A02" AppName="sms" MaxLength="256" DefaultValue="" ReadBits="0x1F" WriteBits="0x1F"/><X_HUAWEI-COM_SMSStatusReportEnable CMO="0x6A4A0A03" AppName="sms" MaxLength="0" DefaultValue="0" ReadBits="0x1F" WriteBits="0x1F"/></SMS></InternetGatewayDevice>
