﻿<?xml version="1.0" encoding="UTF-8"?>
<config>
    <USSD>
        <ActivateInternetService>
            <Title>ussd_label_ActivateInternetService_title</Title>
            <Description>ussd_label_ActivateInternetService_description</Description>
            <Items>
                <Item>
                    <Subject>common_day</Subject>
                    <Action>ussd_label_ActivateInternetService_action</Action>
                    <Command></Command>
                </Item>
                <Item>
                    <Subject>common_week</Subject>
                    <Action>ussd_label_ActivateInternetService_action</Action>
                    <Command></Command>
                </Item>
            </Items>
        </ActivateInternetService>
        <BalanceInquiry>
            <Title>ussd_label_BalanceInquiry_title</Title>
            <Items>
                <Item>
                    <Description>ussd_label_BalanceInquiry_description</Description>
                    <Action>ussd_label_BalanceInquiry_action</Action>
                    <Command></Command>
                </Item>
            </Items>
        </BalanceInquiry>
        <Charge>
            <Title>ussd_label_Charge_title</Title>
            <Items>
                <Item>
                    <Description>IDS_ussd_label_Post_Charge_description</Description>
                    <Action>common_send</Action>
                    <Command></Command>
                    <LimitText></LimitText>
                </Item>
            </Items>
        </Charge>
        <General>
            <Title>ussd_label_Universal_title</Title>
            <Description>ussd_label_Universal_description</Description>
            <LimitText></LimitText>
            <Menu>
            </Menu>
            <Action>common_send</Action> 
        </General>
    </USSD>
</config>
