<?xml version="1.0" encoding="utf-8" ?>
<submit>
<dailup>
<DialupMode>-1</DialupMode>
<IdleTimeOndemandDialup>600</IdleTimeOndemandDialup>
<AutoOndemandDialupEnableRorRoam>-1</AutoOndemandDialupEnableRorRoam>
<AutoDialupOfflineReconnect>-1</AutoDialupOfflineReconnect>
<ConnectForRoamSwitchManualDialup>-1</ConnectForRoamSwitchManualDialup>
<IsAutoApnEnable>-1</IsAutoApnEnable> 
<MTU>1500</MTU>
</dailup>
<dhcp>
<IPAddr></IPAddr>
<LanMask></LanMask>
<DHStatus></DHStatus>
<StartIPAddr></StartIPAddr>
<EndIPAddr></EndIPAddr>
<LeaseTime></LeaseTime>
<DnsStatus></DnsStatus>
<PrimaryDns></PrimaryDns>
<SecondaryDns></SecondaryDns>
</dhcp>
<dmz>
<DmzStatus></DmzStatus>
<DmzIPAddr></DmzIPAddr>
</dmz>
<fwswitch>
<Main></Main>
<FWIPFilter></FWIPFilter>
<WanPortPing></WanPortPing>
</fwswitch>
<language>
<CurrentLanguage></CurrentLanguage>
</language>
<sip>
<Statu></Statu>
<Port></Port>
</sip>
<upnp>
<UpnpStatus></UpnpStatus>
</upnp>
<user>
<Name></Name>
<Password></Password>
</user>
<wifibasic>
<Ssid></Ssid>
<Channel></Channel>
<Hide></Hide>
<Country></Country>
<Mode></Mode>
<Rate></Rate>
<TxPwrPcnt></TxPwrPcnt>
<MaxAssoc></MaxAssoc>
<Enable></Enable>
<FrgThrshld></FrgThrshld>
<RtsThrshld></RtsThrshld>
<DtmIntvl></DtmIntvl>
<BcnIntvl></BcnIntvl>
<Wme></Wme>
<Pamode></Pamode>
<Isolate></Isolate>
<Protectionmode></Protectionmode>
<offenable></offenable>
<offtime></offtime>
<WifiRestart></WifiRestart>
</wifibasic>
<wifisec>
<Authmode></Authmode>
<Basicencryptionmodes></Basicencryptionmodes>
<Wpaencryptionmodes></Wpaencryptionmodes>
<WepKey1></WepKey1>
<WepKey2></WepKey2>
<WepKey3></WepKey3>
<WepKey4></WepKey4>
<WepKeyIndex></WepKeyIndex>
<Wpapsk></Wpapsk>
<Wpsenbl></Wpsenbl>
<Wpscfg></Wpscfg>
<WifiRestart></WifiRestart>
</wifisec>
<wifiwps>
<WPSPin></WPSPin>
<WPSAPPin></WPSAPPin>
</wifiwps>
<wifimacfilter>
<MacStatus></MacStatus>
<Mac0></Mac0>
<Mac1></Mac1>
<Mac2></Mac2>
<Mac3></Mac3>
<Mac4></Mac4>
<Mac5></Mac5>
<Mac6></Mac6>
<Mac7></Mac7>
<Mac8></Mac8>
<Mac9></Mac9>
</wifimacfilter>
<roamingmanual>
<RoamingManual></RoamingManual>
</roamingmanual>
<IPFilters>
<IPFilter>
<LanIPAsterisk></LanIPAsterisk>
<LanStartPort></LanStartPort>
<LanEndPort></LanEndPort>
<WanStartPort></WanStartPort>
<WanEndPort></WanEndPort>
<WanIPAsterisk></WanIPAsterisk>
<IFProtocol></IFProtocol>
<IFStatus></IFStatus>
<LanStartAddr></LanStartAddr>
<LanEndAddr></LanEndAddr>
<LanPolicy></LanPolicy>
<WanStartAddr></WanStartAddr>
<WanEndAddr></WanEndAddr>
</IPFilter>
<IPFilter>
<LanIPAsterisk></LanIPAsterisk>
<LanStartPort></LanStartPort>
<LanEndPort></LanEndPort>
<WanStartPort></WanStartPort>
<WanEndPort></WanEndPort>
<WanIPAsterisk></WanIPAsterisk>
<IFProtocol></IFProtocol>
<IFStatus></IFStatus>
<LanStartAddr></LanStartAddr>
<LanEndAddr></LanEndAddr>
<LanPolicy></LanPolicy>
<WanStartAddr></WanStartAddr>
<WanEndAddr></WanEndAddr>
</IPFilter>
<IPFilter>
<LanIPAsterisk></LanIPAsterisk>
<LanStartPort></LanStartPort>
<LanEndPort></LanEndPort>
<WanStartPort></WanStartPort>
<WanEndPort></WanEndPort>
<WanIPAsterisk></WanIPAsterisk>
<IFProtocol></IFProtocol>
<IFStatus></IFStatus>
<LanStartAddr></LanStartAddr>
<LanEndAddr></LanEndAddr>
<LanPolicy></LanPolicy>
<WanStartAddr></WanStartAddr>
<WanEndAddr></WanEndAddr>
</IPFilter>
<IPFilter>
<LanIPAsterisk></LanIPAsterisk>
<LanStartPort></LanStartPort>
<LanEndPort></LanEndPort>
<WanStartPort></WanStartPort>
<WanEndPort></WanEndPort>
<WanIPAsterisk></WanIPAsterisk>
<IFProtocol></IFProtocol>
<IFStatus></IFStatus>
<LanStartAddr></LanStartAddr>
<LanEndAddr></LanEndAddr>
<LanPolicy></LanPolicy>
<WanStartAddr></WanStartAddr>
<WanEndAddr></WanEndAddr>
</IPFilter>
<IPFilter>
<LanIPAsterisk></LanIPAsterisk>
<LanStartPort></LanStartPort>
<LanEndPort></LanEndPort>
<WanStartPort></WanStartPort>
<WanEndPort></WanEndPort>
<WanIPAsterisk></WanIPAsterisk>
<IFProtocol></IFProtocol>
<IFStatus></IFStatus>
<LanStartAddr></LanStartAddr>
<LanEndAddr></LanEndAddr>
<LanPolicy></LanPolicy>
<WanStartAddr></WanStartAddr>
<WanEndAddr></WanEndAddr>
</IPFilter>
<IPFilter>
<LanIPAsterisk></LanIPAsterisk>
<LanStartPort></LanStartPort>
<LanEndPort></LanEndPort>
<WanStartPort></WanStartPort>
<WanEndPort></WanEndPort>
<WanIPAsterisk></WanIPAsterisk>
<IFProtocol></IFProtocol>
<IFStatus></IFStatus>
<LanStartAddr></LanStartAddr>
<LanEndAddr></LanEndAddr>
<LanPolicy></LanPolicy>
<WanStartAddr></WanStartAddr>
<WanEndAddr></WanEndAddr>
</IPFilter>
<IPFilter>
<LanIPAsterisk></LanIPAsterisk>
<LanStartPort></LanStartPort>
<LanEndPort></LanEndPort>
<WanStartPort></WanStartPort>
<WanEndPort></WanEndPort>
<WanIPAsterisk></WanIPAsterisk>
<IFProtocol></IFProtocol>
<IFStatus></IFStatus>
<LanStartAddr></LanStartAddr>
<LanEndAddr></LanEndAddr>
<LanPolicy></LanPolicy>
<WanStartAddr></WanStartAddr>
<WanEndAddr></WanEndAddr>
</IPFilter>
<IPFilter>
<LanIPAsterisk></LanIPAsterisk>
<LanStartPort></LanStartPort>
<LanEndPort></LanEndPort>
<WanStartPort></WanStartPort>
<WanEndPort></WanEndPort>
<WanIPAsterisk></WanIPAsterisk>
<IFProtocol></IFProtocol>
<IFStatus></IFStatus>
<LanStartAddr></LanStartAddr>
<LanEndAddr></LanEndAddr>
<LanPolicy></LanPolicy>
<WanStartAddr></WanStartAddr>
<WanEndAddr></WanEndAddr>
</IPFilter>
<IPFilter>
<LanIPAsterisk></LanIPAsterisk>
<LanStartPort></LanStartPort>
<LanEndPort></LanEndPort>
<WanStartPort></WanStartPort>
<WanEndPort></WanEndPort>
<WanIPAsterisk></WanIPAsterisk>
<IFProtocol></IFProtocol>
<IFStatus></IFStatus>
<LanStartAddr></LanStartAddr>
<LanEndAddr></LanEndAddr>
<LanPolicy></LanPolicy>
<WanStartAddr></WanStartAddr>
<WanEndAddr></WanEndAddr>
</IPFilter>
<IPFilter>
<LanIPAsterisk></LanIPAsterisk>
<LanStartPort></LanStartPort>
<LanEndPort></LanEndPort>
<WanStartPort></WanStartPort>
<WanEndPort></WanEndPort>
<WanIPAsterisk></WanIPAsterisk>
<IFProtocol></IFProtocol>
<IFStatus></IFStatus>
<LanStartAddr></LanStartAddr>
<LanEndAddr></LanEndAddr>
<LanPolicy></LanPolicy>
<WanStartAddr></WanStartAddr>
<WanEndAddr></WanEndAddr>
</IPFilter>
<IPFilter>
<LanIPAsterisk></LanIPAsterisk>
<LanStartPort></LanStartPort>
<LanEndPort></LanEndPort>
<WanStartPort></WanStartPort>
<WanEndPort></WanEndPort>
<WanIPAsterisk></WanIPAsterisk>
<IFProtocol></IFProtocol>
<IFStatus></IFStatus>
<LanStartAddr></LanStartAddr>
<LanEndAddr></LanEndAddr>
<LanPolicy></LanPolicy>
<WanStartAddr></WanStartAddr>
<WanEndAddr></WanEndAddr>
</IPFilter>
<IPFilter>
<LanIPAsterisk></LanIPAsterisk>
<LanStartPort></LanStartPort>
<LanEndPort></LanEndPort>
<WanStartPort></WanStartPort>
<WanEndPort></WanEndPort>
<WanIPAsterisk></WanIPAsterisk>
<IFProtocol></IFProtocol>
<IFStatus></IFStatus>
<LanStartAddr></LanStartAddr>
<LanEndAddr></LanEndAddr>
<LanPolicy></LanPolicy>
<WanStartAddr></WanStartAddr>
<WanEndAddr></WanEndAddr>
</IPFilter>
<IPFilter>
<LanIPAsterisk></LanIPAsterisk>
<LanStartPort></LanStartPort>
<LanEndPort></LanEndPort>
<WanStartPort></WanStartPort>
<WanEndPort></WanEndPort>
<WanIPAsterisk></WanIPAsterisk>
<IFProtocol></IFProtocol>
<IFStatus></IFStatus>
<LanStartAddr></LanStartAddr>
<LanEndAddr></LanEndAddr>
<LanPolicy></LanPolicy>
<WanStartAddr></WanStartAddr>
<WanEndAddr></WanEndAddr>
</IPFilter>
<IPFilter>
<LanIPAsterisk></LanIPAsterisk>
<LanStartPort></LanStartPort>
<LanEndPort></LanEndPort>
<WanStartPort></WanStartPort>
<WanEndPort></WanEndPort>
<WanIPAsterisk></WanIPAsterisk>
<IFProtocol></IFProtocol>
<IFStatus></IFStatus>
<LanStartAddr></LanStartAddr>
<LanEndAddr></LanEndAddr>
<LanPolicy></LanPolicy>
<WanStartAddr></WanStartAddr>
<WanEndAddr></WanEndAddr>
</IPFilter>
<IPFilter>
<LanIPAsterisk></LanIPAsterisk>
<LanStartPort></LanStartPort>
<LanEndPort></LanEndPort>
<WanStartPort></WanStartPort>
<WanEndPort></WanEndPort>
<WanIPAsterisk></WanIPAsterisk>
<IFProtocol></IFProtocol>
<IFStatus></IFStatus>
<LanStartAddr></LanStartAddr>
<LanEndAddr></LanEndAddr>
<LanPolicy></LanPolicy>
<WanStartAddr></WanStartAddr>
<WanEndAddr></WanEndAddr>
</IPFilter>
<IPFilter>
<LanIPAsterisk></LanIPAsterisk>
<LanStartPort></LanStartPort>
<LanEndPort></LanEndPort>
<WanStartPort></WanStartPort>
<WanEndPort></WanEndPort>
<WanIPAsterisk></WanIPAsterisk>
<IFProtocol></IFProtocol>
<IFStatus></IFStatus>
<LanStartAddr></LanStartAddr>
<LanEndAddr></LanEndAddr>
<LanPolicy></LanPolicy>
<WanStartAddr></WanStartAddr>
<WanEndAddr></WanEndAddr>
</IPFilter>
</IPFilters>
<Servers>
<Server>
<IPName></IPName>
<SvWanPort></SvWanPort>
<SvIPAddr></SvIPAddr>
<SvLanPort></SvLanPort>
<SvProtocol></SvProtocol>
<SvStatus></SvStatus>
<SvRemIP></SvRemIP>
<SvWanPortEnd></SvWanPortEnd>
</Server>
<Server>
<IPName></IPName>
<SvWanPort></SvWanPort>
<SvIPAddr></SvIPAddr>
<SvLanPort></SvLanPort>
<SvProtocol></SvProtocol>
<SvStatus></SvStatus>
<SvRemIP></SvRemIP>
<SvWanPortEnd></SvWanPortEnd>
</Server>
<Server>
<IPName></IPName>
<SvWanPort></SvWanPort>
<SvIPAddr></SvIPAddr>
<SvLanPort></SvLanPort>
<SvProtocol></SvProtocol>
<SvStatus></SvStatus>
<SvRemIP></SvRemIP>
<SvWanPortEnd></SvWanPortEnd>
</Server>
<Server>
<IPName></IPName>
<SvWanPort></SvWanPort>
<SvIPAddr></SvIPAddr>
<SvLanPort></SvLanPort>
<SvProtocol></SvProtocol>
<SvStatus></SvStatus>
<SvRemIP></SvRemIP>
<SvWanPortEnd></SvWanPortEnd>
</Server>
<Server>
<IPName></IPName>
<SvWanPort></SvWanPort>
<SvIPAddr></SvIPAddr>
<SvLanPort></SvLanPort>
<SvProtocol></SvProtocol>
<SvStatus></SvStatus>
<SvRemIP></SvRemIP>
<SvWanPortEnd></SvWanPortEnd>
</Server>
<Server>
<IPName></IPName>
<SvWanPort></SvWanPort>
<SvIPAddr></SvIPAddr>
<SvLanPort></SvLanPort>
<SvProtocol></SvProtocol>
<SvStatus></SvStatus>
<SvRemIP></SvRemIP>
<SvWanPortEnd></SvWanPortEnd>
</Server>
<Server>
<IPName></IPName>
<SvWanPort></SvWanPort>
<SvIPAddr></SvIPAddr>
<SvLanPort></SvLanPort>
<SvProtocol></SvProtocol>
<SvStatus></SvStatus>
<SvRemIP></SvRemIP>
<SvWanPortEnd></SvWanPortEnd>
</Server>
<Server>
<IPName></IPName>
<SvWanPort></SvWanPort>
<SvIPAddr></SvIPAddr>
<SvLanPort></SvLanPort>
<SvProtocol></SvProtocol>
<SvStatus></SvStatus>
<SvRemIP></SvRemIP>
<SvWanPortEnd></SvWanPortEnd>
</Server>
<Server>
<IPName></IPName>
<SvWanPort></SvWanPort>
<SvIPAddr></SvIPAddr>
<SvLanPort></SvLanPort>
<SvProtocol></SvProtocol>
<SvStatus></SvStatus>
<SvRemIP></SvRemIP>
<SvWanPortEnd></SvWanPortEnd>
</Server>
<Server>
<IPName></IPName>
<SvWanPort></SvWanPort>
<SvIPAddr></SvIPAddr>
<SvLanPort></SvLanPort>
<SvProtocol></SvProtocol>
<SvStatus></SvStatus>
<SvRemIP></SvRemIP>
<SvWanPortEnd></SvWanPortEnd>
</Server>
<Server>
<IPName></IPName>
<SvWanPort></SvWanPort>
<SvIPAddr></SvIPAddr>
<SvLanPort></SvLanPort>
<SvProtocol></SvProtocol>
<SvStatus></SvStatus>
<SvRemIP></SvRemIP>
<SvWanPortEnd></SvWanPortEnd>
</Server>
<Server>
<IPName></IPName>
<SvWanPort></SvWanPort>
<SvIPAddr></SvIPAddr>
<SvLanPort></SvLanPort>
<SvProtocol></SvProtocol>
<SvStatus></SvStatus>
<SvRemIP></SvRemIP>
<SvWanPortEnd></SvWanPortEnd>
</Server>
<Server>
<IPName></IPName>
<SvWanPort></SvWanPort>
<SvIPAddr></SvIPAddr>
<SvLanPort></SvLanPort>
<SvProtocol></SvProtocol>
<SvStatus></SvStatus>
<SvRemIP></SvRemIP>
<SvWanPortEnd></SvWanPortEnd>
</Server>
<Server>
<IPName></IPName>
<SvWanPort></SvWanPort>
<SvIPAddr></SvIPAddr>
<SvLanPort></SvLanPort>
<SvProtocol></SvProtocol>
<SvStatus></SvStatus>
<SvRemIP></SvRemIP>
<SvWanPortEnd></SvWanPortEnd>
</Server>
<Server>
<IPName></IPName>
<SvWanPort></SvWanPort>
<SvIPAddr></SvIPAddr>
<SvLanPort></SvLanPort>
<SvProtocol></SvProtocol>
<SvStatus></SvStatus>
<SvRemIP></SvRemIP>
<SvWanPortEnd></SvWanPortEnd>
</Server>
<Server>
<IPName></IPName>
<SvWanPort></SvWanPort>
<SvIPAddr></SvIPAddr>
<SvLanPort></SvLanPort>
<SvProtocol></SvProtocol>
<SvStatus></SvStatus>
<SvRemIP></SvRemIP>
<SvWanPortEnd></SvWanPortEnd>
</Server>
</Servers>
<LanPorts>
<LanPort>
<TriName></TriName>
<TriPortStart></TriPortStart>
<TriPortEnd></TriPortEnd>
<TriProtocol></TriProtocol>
<StartOpenPort0></StartOpenPort0>
<EndOpenPort0></EndOpenPort0>
<StartOpenPort1></StartOpenPort1>
<EndOpenPort1></EndOpenPort1>
<StartOpenPort2></StartOpenPort2>
<EndOpenPort2></EndOpenPort2>
<StartOpenPort3></StartOpenPort3>
<EndOpenPort3></EndOpenPort3>
<StartOpenPort4></StartOpenPort4>
<EndOpenPort4></EndOpenPort4>
<TriStatus></TriStatus>
<OpenProtocol></OpenProtocol>
</LanPort>
<LanPort>
<TriName></TriName>
<TriPortStart></TriPortStart>
<TriPortEnd></TriPortEnd>
<TriProtocol></TriProtocol>
<StartOpenPort0></StartOpenPort0>
<EndOpenPort0></EndOpenPort0>
<StartOpenPort1></StartOpenPort1>
<EndOpenPort1></EndOpenPort1>
<StartOpenPort2></StartOpenPort2>
<EndOpenPort2></EndOpenPort2>
<StartOpenPort3></StartOpenPort3>
<EndOpenPort3></EndOpenPort3>
<StartOpenPort4></StartOpenPort4>
<EndOpenPort4></EndOpenPort4>
<TriStatus></TriStatus>
<OpenProtocol></OpenProtocol>
</LanPort>
<LanPort>
<TriName></TriName>
<TriPortStart></TriPortStart>
<TriPortEnd></TriPortEnd>
<TriProtocol></TriProtocol>
<StartOpenPort0></StartOpenPort0>
<EndOpenPort0></EndOpenPort0>
<StartOpenPort1></StartOpenPort1>
<EndOpenPort1></EndOpenPort1>
<StartOpenPort2></StartOpenPort2>
<EndOpenPort2></EndOpenPort2>
<StartOpenPort3></StartOpenPort3>
<EndOpenPort3></EndOpenPort3>
<StartOpenPort4></StartOpenPort4>
<EndOpenPort4></EndOpenPort4>
<TriStatus></TriStatus>
<OpenProtocol></OpenProtocol>
</LanPort>
<LanPort>
<TriName></TriName>
<TriPortStart></TriPortStart>
<TriPortEnd></TriPortEnd>
<TriProtocol></TriProtocol>
<StartOpenPort0></StartOpenPort0>
<EndOpenPort0></EndOpenPort0>
<StartOpenPort1></StartOpenPort1>
<EndOpenPort1></EndOpenPort1>
<StartOpenPort2></StartOpenPort2>
<EndOpenPort2></EndOpenPort2>
<StartOpenPort3></StartOpenPort3>
<EndOpenPort3></EndOpenPort3>
<StartOpenPort4></StartOpenPort4>
<EndOpenPort4></EndOpenPort4>
<TriStatus></TriStatus>
<OpenProtocol></OpenProtocol>
</LanPort>
<LanPort>
<TriName></TriName>
<TriPortStart></TriPortStart>
<TriPortEnd></TriPortEnd>
<TriProtocol></TriProtocol>
<StartOpenPort0></StartOpenPort0>
<EndOpenPort0></EndOpenPort0>
<StartOpenPort1></StartOpenPort1>
<EndOpenPort1></EndOpenPort1>
<StartOpenPort2></StartOpenPort2>
<EndOpenPort2></EndOpenPort2>
<StartOpenPort3></StartOpenPort3>
<EndOpenPort3></EndOpenPort3>
<StartOpenPort4></StartOpenPort4>
<EndOpenPort4></EndOpenPort4>
<TriStatus></TriStatus>
<OpenProtocol></OpenProtocol>
</LanPort>
<LanPort>
<TriName></TriName>
<TriPortStart></TriPortStart>
<TriPortEnd></TriPortEnd>
<TriProtocol></TriProtocol>
<StartOpenPort0></StartOpenPort0>
<EndOpenPort0></EndOpenPort0>
<StartOpenPort1></StartOpenPort1>
<EndOpenPort1></EndOpenPort1>
<StartOpenPort2></StartOpenPort2>
<EndOpenPort2></EndOpenPort2>
<StartOpenPort3></StartOpenPort3>
<EndOpenPort3></EndOpenPort3>
<StartOpenPort4></StartOpenPort4>
<EndOpenPort4></EndOpenPort4>
<TriStatus></TriStatus>
<OpenProtocol></OpenProtocol>
</LanPort>
<LanPort>
<TriName></TriName>
<TriPortStart></TriPortStart>
<TriPortEnd></TriPortEnd>
<TriProtocol></TriProtocol>
<StartOpenPort0></StartOpenPort0>
<EndOpenPort0></EndOpenPort0>
<StartOpenPort1></StartOpenPort1>
<EndOpenPort1></EndOpenPort1>
<StartOpenPort2></StartOpenPort2>
<EndOpenPort2></EndOpenPort2>
<StartOpenPort3></StartOpenPort3>
<EndOpenPort3></EndOpenPort3>
<StartOpenPort4></StartOpenPort4>
<EndOpenPort4></EndOpenPort4>
<TriStatus></TriStatus>
<OpenProtocol></OpenProtocol>
</LanPort>
<LanPort>
<TriName></TriName>
<TriPortStart></TriPortStart>
<TriPortEnd></TriPortEnd>
<TriProtocol></TriProtocol>
<StartOpenPort0></StartOpenPort0>
<EndOpenPort0></EndOpenPort0>
<StartOpenPort1></StartOpenPort1>
<EndOpenPort1></EndOpenPort1>
<StartOpenPort2></StartOpenPort2>
<EndOpenPort2></EndOpenPort2>
<StartOpenPort3></StartOpenPort3>
<EndOpenPort3></EndOpenPort3>
<StartOpenPort4></StartOpenPort4>
<EndOpenPort4></EndOpenPort4>
<TriStatus></TriStatus>
<OpenProtocol></OpenProtocol>
</LanPort>
<LanPort>
<TriName></TriName>
<TriPortStart></TriPortStart>
<TriPortEnd></TriPortEnd>
<TriProtocol></TriProtocol>
<StartOpenPort0></StartOpenPort0>
<EndOpenPort0></EndOpenPort0>
<StartOpenPort1></StartOpenPort1>
<EndOpenPort1></EndOpenPort1>
<StartOpenPort2></StartOpenPort2>
<EndOpenPort2></EndOpenPort2>
<StartOpenPort3></StartOpenPort3>
<EndOpenPort3></EndOpenPort3>
<StartOpenPort4></StartOpenPort4>
<EndOpenPort4></EndOpenPort4>
<TriStatus></TriStatus>
<OpenProtocol></OpenProtocol>
</LanPort>
<LanPort>
<TriName></TriName>
<TriPortStart></TriPortStart>
<TriPortEnd></TriPortEnd>
<TriProtocol></TriProtocol>
<StartOpenPort0></StartOpenPort0>
<EndOpenPort0></EndOpenPort0>
<StartOpenPort1></StartOpenPort1>
<EndOpenPort1></EndOpenPort1>
<StartOpenPort2></StartOpenPort2>
<EndOpenPort2></EndOpenPort2>
<StartOpenPort3></StartOpenPort3>
<EndOpenPort3></EndOpenPort3>
<StartOpenPort4></StartOpenPort4>
<EndOpenPort4></EndOpenPort4>
<TriStatus></TriStatus>
<OpenProtocol></OpenProtocol>
</LanPort>
<LanPort>
<TriName></TriName>
<TriPortStart></TriPortStart>
<TriPortEnd></TriPortEnd>
<TriProtocol></TriProtocol>
<StartOpenPort0></StartOpenPort0>
<EndOpenPort0></EndOpenPort0>
<StartOpenPort1></StartOpenPort1>
<EndOpenPort1></EndOpenPort1>
<StartOpenPort2></StartOpenPort2>
<EndOpenPort2></EndOpenPort2>
<StartOpenPort3></StartOpenPort3>
<EndOpenPort3></EndOpenPort3>
<StartOpenPort4></StartOpenPort4>
<EndOpenPort4></EndOpenPort4>
<TriStatus></TriStatus>
<OpenProtocol></OpenProtocol>
</LanPort>
<LanPort>
<TriName></TriName>
<TriPortStart></TriPortStart>
<TriPortEnd></TriPortEnd>
<TriProtocol></TriProtocol>
<StartOpenPort0></StartOpenPort0>
<EndOpenPort0></EndOpenPort0>
<StartOpenPort1></StartOpenPort1>
<EndOpenPort1></EndOpenPort1>
<StartOpenPort2></StartOpenPort2>
<EndOpenPort2></EndOpenPort2>
<StartOpenPort3></StartOpenPort3>
<EndOpenPort3></EndOpenPort3>
<StartOpenPort4></StartOpenPort4>
<EndOpenPort4></EndOpenPort4>
<TriStatus></TriStatus>
<OpenProtocol></OpenProtocol>
</LanPort>
<LanPort>
<TriName></TriName>
<TriPortStart></TriPortStart>
<TriPortEnd></TriPortEnd>
<TriProtocol></TriProtocol>
<StartOpenPort0></StartOpenPort0>
<EndOpenPort0></EndOpenPort0>
<StartOpenPort1></StartOpenPort1>
<EndOpenPort1></EndOpenPort1>
<StartOpenPort2></StartOpenPort2>
<EndOpenPort2></EndOpenPort2>
<StartOpenPort3></StartOpenPort3>
<EndOpenPort3></EndOpenPort3>
<StartOpenPort4></StartOpenPort4>
<EndOpenPort4></EndOpenPort4>
<TriStatus></TriStatus>
<OpenProtocol></OpenProtocol>
</LanPort>
<LanPort>
<TriName></TriName>
<TriPortStart></TriPortStart>
<TriPortEnd></TriPortEnd>
<TriProtocol></TriProtocol>
<StartOpenPort0></StartOpenPort0>
<EndOpenPort0></EndOpenPort0>
<StartOpenPort1></StartOpenPort1>
<EndOpenPort1></EndOpenPort1>
<StartOpenPort2></StartOpenPort2>
<EndOpenPort2></EndOpenPort2>
<StartOpenPort3></StartOpenPort3>
<EndOpenPort3></EndOpenPort3>
<StartOpenPort4></StartOpenPort4>
<EndOpenPort4></EndOpenPort4>
<TriStatus></TriStatus>
<OpenProtocol></OpenProtocol>
</LanPort>
<LanPort>
<TriName></TriName>
<TriPortStart></TriPortStart>
<TriPortEnd></TriPortEnd>
<TriProtocol></TriProtocol>
<StartOpenPort0></StartOpenPort0>
<EndOpenPort0></EndOpenPort0>
<StartOpenPort1></StartOpenPort1>
<EndOpenPort1></EndOpenPort1>
<StartOpenPort2></StartOpenPort2>
<EndOpenPort2></EndOpenPort2>
<StartOpenPort3></StartOpenPort3>
<EndOpenPort3></EndOpenPort3>
<StartOpenPort4></StartOpenPort4>
<EndOpenPort4></EndOpenPort4>
<TriStatus></TriStatus>
<OpenProtocol></OpenProtocol>
</LanPort>
<LanPort>
<TriName></TriName>
<TriPortStart></TriPortStart>
<TriPortEnd></TriPortEnd>
<TriProtocol></TriProtocol>
<StartOpenPort0></StartOpenPort0>
<EndOpenPort0></EndOpenPort0>
<StartOpenPort1></StartOpenPort1>
<EndOpenPort1></EndOpenPort1>
<StartOpenPort2></StartOpenPort2>
<EndOpenPort2></EndOpenPort2>
<StartOpenPort3></StartOpenPort3>
<EndOpenPort3></EndOpenPort3>
<StartOpenPort4></StartOpenPort4>
<EndOpenPort4></EndOpenPort4>
<TriStatus></TriStatus>
<OpenProtocol></OpenProtocol>
</LanPort>
</LanPorts>
<CurrentProfile></CurrentProfile>
<Profiles>
<Profile>
<Index>1</Index>
<IsValid></IsValid>
<name></name>
<DialUp></DialUp>
<UserName></UserName>
<UserPwd></UserPwd>
<AuthMode></AuthMode>
<APNMode></APNMode>
<APN></APN>
<IPAddrMode></IPAddrMode>
<StaticIP></StaticIP>
<DNSMode></DNSMode>
<PriDNS></PriDNS>
<SecDNS></SecDNS>
<ReadOnly></ReadOnly>
</Profile>
<Profile>
<Index>2</Index>
<IsValid></IsValid>
<name></name>
<DialUp></DialUp>
<UserName></UserName>
<UserPwd></UserPwd>
<AuthMode></AuthMode>
<APNMode></APNMode>
<APN></APN>
<IPAddrMode></IPAddrMode>
<StaticIP></StaticIP>
<DNSMode></DNSMode>
<PriDNS></PriDNS>
<SecDNS></SecDNS>
<ReadOnly></ReadOnly>
</Profile><Profile>
<Index>3</Index>
<IsValid></IsValid>
<name></name>
<DialUp></DialUp>
<UserName></UserName>
<UserPwd></UserPwd>
<AuthMode></AuthMode>
<APNMode></APNMode>
<APN></APN>
<IPAddrMode></IPAddrMode>
<StaticIP></StaticIP>
<DNSMode></DNSMode>
<PriDNS></PriDNS>
<SecDNS></SecDNS>
<ReadOnly></ReadOnly>
</Profile><Profile>
<Index>4</Index>
<IsValid></IsValid>
<name></name>
<DialUp></DialUp>
<UserName></UserName>
<UserPwd></UserPwd>
<AuthMode></AuthMode>
<APNMode></APNMode>
<APN></APN>
<IPAddrMode></IPAddrMode>
<StaticIP></StaticIP>
<DNSMode></DNSMode>
<PriDNS></PriDNS>
<SecDNS></SecDNS>
<ReadOnly></ReadOnly>
</Profile><Profile>
<Index>5</Index>
<IsValid></IsValid>
<name></name>
<DialUp></DialUp>
<UserName></UserName>
<UserPwd></UserPwd>
<AuthMode></AuthMode>
<APNMode></APNMode>
<APN></APN>
<IPAddrMode></IPAddrMode>
<StaticIP></StaticIP>
<DNSMode></DNSMode>
<PriDNS></PriDNS>
<SecDNS></SecDNS>
<ReadOnly></ReadOnly>
</Profile><Profile>
<Index>6</Index>
<IsValid></IsValid>
<name></name>
<DialUp></DialUp>
<UserName></UserName>
<UserPwd></UserPwd>
<AuthMode></AuthMode>
<APNMode></APNMode>
<APN></APN>
<IPAddrMode></IPAddrMode>
<StaticIP></StaticIP>
<DNSMode></DNSMode>
<PriDNS></PriDNS>
<SecDNS></SecDNS>
<ReadOnly></ReadOnly>
</Profile><Profile>
<Index>7</Index>
<IsValid></IsValid>
<name></name>
<DialUp></DialUp>
<UserName></UserName>
<UserPwd></UserPwd>
<AuthMode></AuthMode>
<APNMode></APNMode>
<APN></APN>
<IPAddrMode></IPAddrMode>
<StaticIP></StaticIP>
<DNSMode></DNSMode>
<PriDNS></PriDNS>
<SecDNS></SecDNS>
<ReadOnly></ReadOnly>
</Profile><Profile>
<Index>8</Index>
<IsValid></IsValid>
<name></name>
<DialUp></DialUp>
<UserName></UserName>
<UserPwd></UserPwd>
<AuthMode></AuthMode>
<APNMode></APNMode>
<APN></APN>
<IPAddrMode></IPAddrMode>
<StaticIP></StaticIP>
<DNSMode></DNSMode>
<PriDNS></PriDNS>
<SecDNS></SecDNS>
<ReadOnly></ReadOnly>
</Profile><Profile>
<Index>9</Index>
<IsValid></IsValid>
<name></name>
<DialUp></DialUp>
<UserName></UserName>
<UserPwd></UserPwd>
<AuthMode></AuthMode>
<APNMode></APNMode>
<APN></APN>
<IPAddrMode></IPAddrMode>
<StaticIP></StaticIP>
<DNSMode></DNSMode>
<PriDNS></PriDNS>
<SecDNS></SecDNS>
<ReadOnly></ReadOnly>
</Profile><Profile>
<Index>10</Index>
<IsValid></IsValid>
<name></name>
<DialUp></DialUp>
<UserName></UserName>
<UserPwd></UserPwd>
<AuthMode></AuthMode>
<APNMode></APNMode>
<APN></APN>
<IPAddrMode></IPAddrMode>
<StaticIP></StaticIP>
<DNSMode></DNSMode>
<PriDNS></PriDNS>
<SecDNS></SecDNS>
<ReadOnly></ReadOnly>
</Profile><Profile>
<Index>11</Index>
<IsValid></IsValid>
<name></name>
<DialUp></DialUp>
<UserName></UserName>
<UserPwd></UserPwd>
<AuthMode></AuthMode>
<APNMode></APNMode>
<APN></APN>
<IPAddrMode></IPAddrMode>
<StaticIP></StaticIP>
<DNSMode></DNSMode>
<PriDNS></PriDNS>
<SecDNS></SecDNS>
<ReadOnly></ReadOnly>
</Profile><Profile>
<Index>12</Index>
<IsValid></IsValid>
<name></name>
<DialUp></DialUp>
<UserName></UserName>
<UserPwd></UserPwd>
<AuthMode></AuthMode>
<APNMode></APNMode>
<APN></APN>
<IPAddrMode></IPAddrMode>
<StaticIP></StaticIP>
<DNSMode></DNSMode>
<PriDNS></PriDNS>
<SecDNS></SecDNS>
<ReadOnly></ReadOnly>
</Profile><Profile>
<Index>13</Index>
<IsValid></IsValid>
<name></name>
<DialUp></DialUp>
<UserName></UserName>
<UserPwd></UserPwd>
<AuthMode></AuthMode>
<APNMode></APNMode>
<APN></APN>
<IPAddrMode></IPAddrMode>
<StaticIP></StaticIP>
<DNSMode></DNSMode>
<PriDNS></PriDNS>
<SecDNS></SecDNS>
<ReadOnly></ReadOnly>
</Profile><Profile>
<Index>14</Index>
<IsValid></IsValid>
<name></name>
<DialUp></DialUp>
<UserName></UserName>
<UserPwd></UserPwd>
<AuthMode></AuthMode>
<APNMode></APNMode>
<APN></APN>
<IPAddrMode></IPAddrMode>
<StaticIP></StaticIP>
<DNSMode></DNSMode>
<PriDNS></PriDNS>
<SecDNS></SecDNS>
<ReadOnly></ReadOnly>
</Profile><Profile>
<Index>15</Index>
<IsValid></IsValid>
<name></name>
<DialUp></DialUp>
<UserName></UserName>
<UserPwd></UserPwd>
<AuthMode></AuthMode>
<APNMode></APNMode>
<APN></APN>
<IPAddrMode></IPAddrMode>
<StaticIP></StaticIP>
<DNSMode></DNSMode>
<PriDNS></PriDNS>
<SecDNS></SecDNS>
<ReadOnly></ReadOnly>
</Profile><Profile>
<Index>16</Index>
<IsValid></IsValid>
<name></name>
<DialUp></DialUp>
<UserName></UserName>
<UserPwd></UserPwd>
<AuthMode></AuthMode>
<APNMode></APNMode>
<APN></APN>
<IPAddrMode></IPAddrMode>
<StaticIP></StaticIP>
<DNSMode></DNSMode>
<PriDNS></PriDNS>
<SecDNS></SecDNS>
<ReadOnly></ReadOnly>
</Profile>
</Profiles>
<syscfg>
<NetworkMode></NetworkMode>
<NetworkAcqorder></NetworkAcqorder>
<NetworkBand></NetworkBand>
<NetworkRoam></NetworkRoam>
<NetworkSrvdomain></NetworkSrvdomain>
</syscfg>
<autoapn></autoapn>
<savepin>
<status></status>
<pincode></pincode>
<scid></scid>
</savepin>
<verify>
<mode></mode>
<softversion></softversion>
</verify>
</submit>
