<?xml version="1.0" encoding="utf-8" ?><config>    <AF>412</AF>    <AL>276</AL>    <DZ>603</DZ>    <AR>722</AR>    <AM>283</AM>    <AU>505</AU>    <AT>232</AT>    <AZ>400</AZ>    <BH>426</BH>    <BY>257</BY>    <BE>206</BE>    <BZ>702</BZ>    <BO>736</BO>    <BR>724</BR>    <BN>528</BN>    <BG>284</BG>    <CA>302</CA>    <CL>730</CL>    <CN>460</CN>    <CO>732</CO>    <CR>712</CR>    <HR>219</HR>    <CY>280</CY>    <CZ>230</CZ>    <DK>238</DK>    <DO>370</DO>    <EC>740</EC>    <EG>602</EG>    <SV>706</SV>    <EE>248</EE>    <FI>244</FI>    <FR>208</FR>    <DE>262</DE>    <GE>282</GE>    <GR>202</GR>    <GT>266</GT>    <HN>708</HN>    <HK>454</HK>    <HU>216</HU>    <IS>274</IS>    <IN>404</IN>    <ID>510</ID>    <IR>432</IR>    <IE>272</IE>    <IL>425</IL>    <IT>222</IT>    <JP>440</JP>    <JO>416</JO>    <KZ>401</KZ>    <KR>450</KR>    <KP>467</KP>    <KW>419</KW>    <LB>415</LB>    <LV>606</LV>    <LI>295</LI>    <LT>246</LT>    <LU>270</LU>    <MA>604</MA>    <MK>294</MK>    <MY>502</MY>    <MO>455</MO>    <MX>334</MX>    <MC>212</MC>    <NL>204</NL>    <NZ>530</NZ>    <NO>242</NO>    <OM>422</OM>    <PK>410</PK>    <PA>714</PA>    <PE>716</PE>    <PH>515</PH>    <PL>260</PL>    <PT>268</PT>    <PR>330</PR>    <QA>427</QA>    <RO>226</RO>    <RU>250</RU>    <SA>420</SA>    <SG>525</SG>    <SK>231</SK>    <SI>293</SI>    <ZA>655</ZA>    <ES>214</ES>    <SE>240</SE>    <CH>228</CH>    <SY>417</SY>    <TW>466</TW>    <TH>520</TH>    <TT>374</TT>    <TN>605</TN>    <TR>286</TR>    <UA>255</UA>    <AE>424</AE>    <GB>234</GB>    <US>310</US>    <UY>748</UY>    <UZ>434</UZ>    <VE>734</VE>    <VN>452</VN>    <YE>421</YE>    <ZW>645</ZW></config>