<?xml version="1.0" encoding="utf-8" ?><config>    <freque_size></freque_size>    <!-- 用户接入时重启wifi开关,1:用户接入时重启;0:用户接入时不重启  -->    <user_restart_enable>1</user_restart_enable>    <freque_0></freque_0>    <freque_1></freque_1>    <freque_2></freque_2>    <freque_3></freque_3>    <freque_4></freque_4>    <band24>	    <mode></mode>    </band24>    <band5>	    <mode_0></mode_0>	    <mode_1></mode_1>	    <mode_2></mode_2>	    <mode_3></mode_3>	    <mode_4></mode_4>    </band5></config>