<?xml version="1.0" encoding="UTF-8"?>
<config>
    <!--资源请求报文权限控制 -->
    <!--需要进行权限控制的资源类型列表，对于不存在该列表中的请求类型，不予控制，此处默认为/htm或/html,若为空，则表示不登陆可以访问任何页面 -->
    <limited_res_type_list>
        <uri>/html</uri>
        <uri>/config</uri>
    </limited_res_type_list>
    <limited_fs_res_type_list>
        <uri>/data/userdata</uri>
        <uri>/WebApp</uri>
        <uri>/data/log</uri>
    </limited_fs_res_type_list>
    <!--不需要登陆，就可以访问的html或者htm资源文件列表 -->
    <not_need_login_visited_res_list>
        <uri>/html/quicksetup.html</uri>
        <uri>/html/OPEN_SOURCE_SOFTWARE_NOTICE.txt</uri>
        <uri>/html/commend.html</uri>
        <uri>/html/index.html</uri>
        <uri>/html/home.html</uri>
        <uri>/html/header.html</uri>
        <uri>/html/footer.html</uri>
        <uri>/html/installsoftware.html</uri>
        <uri>/html/sdcardsharing.html</uri>
        <uri>/html/nocard.html</uri>
        <uri>/html/notsupported.html</uri>
        <uri>/html/pukrequired.html</uri>
        <uri>/html/simlockrequired.html</uri>
        <uri>/html/pincoderequired.html</uri>
        <uri>/html/opennewwindow.html</uri>
        <uri>/html/cradleDisconnected.html</uri>
        <uri>/html/leftmenu.html</uri>
        <uri>/html/redirect.html</uri>
        <uri>/html/update_autorun.html</uri>
        <uri>/small/html/logins.htm</uri>
        <uri>/config/deviceinformation/config.xml</uri>
        <uri>/config/dialup/config.xml</uri>
        <uri>/config/dialup/connectmode.xml</uri>
        <uri>/config/global/languagelist.xml</uri>
        <uri>/config/global/config.xml</uri>
        <uri>/config/global/net-type.xml</uri>
        <uri>/config/lan/config.xml</uri>
        <uri>/config/network/networkmode.xml</uri>
        <uri>/config/network/net-mode.xml</uri>
        <uri>/config/pb/config.xml</uri>
        <uri>/config/pcassistant/config.xml</uri>
        <uri>/config/pcassistant/updateautorun.xml</uri>
        <uri>/config/wifi/configure.xml</uri>
        <uri>/config/wifi/countryChannel.xml</uri>
        <uri>/config/sms/config.xml</uri>
        <uri>/config/stk/config.xml</uri>
        <uri>/config/ota/config.xml</uri>
        <uri>/config/upnp/config.xml</uri>
        <uri>/config/fastboot/config.xml</uri>
        <uri>/config/websd/config.xml</uri>
        <uri>/config/sntp/config.xml</uri>
        <uri>/config/webuicfg/config.xml</uri>
    </not_need_login_visited_res_list>
    <only_root_user_visited_res_list>
        <uri></uri>
    </only_root_user_visited_res_list>
    <!--命令报文权限控制 -->
    <!--针对get请求类型，考虑的是：需要登陆后才能访问的restful报文列表，若为空，则说明所有get请求，不登陆均有权限发送 -->
    <need_login_get_restful_list>
        <uri>/api/monitoring/wifi-month-setting</uri>
        <uri>/api/device/logsetting</uri>
        <uri>/api/dhcp/dhcp-host-info</uri>
        <uri>/api/dhcp/static-addr-info</uri>
        <uri>/api/wlan/security-settings</uri>
        <uri>/api/wlan/wps</uri>
        <uri>/api/wlan/wps-appin</uri>
        <uri>/api/wlan/mac-filter</uri>
        <uri>/api/wlan/host-list</uri>
        <uri>/api/wlan/multi-basic-settings</uri>
        <uri>/api/wlan/multi-security-settings</uri>
        <uri>/api/wlan/wifiprofile</uri>
        <uri>/api/wlan/oled-showpassword</uri>
        <uri>/api/wlan/multi-macfilter-settings</uri>
        <uri>/api/wlan/multi-security-settings-ex</uri>
        <uri>/api/wlan/wififrequence</uri>
        <uri>/api/wlan/wifiscanresult</uri>
        <uri>/api/security/firewall-switch</uri>
        <uri>/api/security/lan-ip-filter</uri>
        <uri>/api/security/virtual-servers</uri>
        <uri>/api/security/special-applications</uri>
        <uri>/api/security/upnp</uri>
        <uri>/api/security/sip</uri>
        <uri>/api/security/dmz</uri>
        <uri>/api/security/nat</uri>
        <uri>/api/security/url-filter</uri>
        <uri>/api/security/mac-filter</uri>
        <uri>/api/dialup/profiles</uri>
        <uri>/api/net/network</uri>
        <uri>/api/sms/config</uri>
        <uri>/api/sms/sms-feature-switch</uri>
        <uri>/api/sntp/sntpswitch</uri>
        <uri>/api/pb/pb-count</uri>
        <uri>/api/pb/group-count</uri>
        <uri>/api/cradle/factory-mac</uri>
        <uri>/api/cradle/basic-info</uri>
        <uri>/api/ddns/ddns-list</uri>
        <uri>/api/sdcard/share-account</uri>
        <uri>/api/cwmp/basic-info</uri>
        <uri>/api/device/information</uri>
        <uri>/api/voice/sipaccount</uri>
        <uri>/api/voice/sipserver</uri>
        <uri>/api/voice/sipadvance</uri>
        <uri>/api/voice/voiceadvance</uri>
        <uri>/api/voice/speeddial</uri>
        <uri>/api/voice/codec</uri>
        <uri>/api/pin/save-pin</uri>
        <uri>/api/pdp_module/status</uri>
        <uri>/api/pdp_module/status</uri>
        <uri>/api/vpn/status</uri>
        <uri>/api/vpn/l2tp_settings</uri>
        <uri>/api/bluetooth/scan</uri>
        <uri>/api/pin/cardmode</uri>
        <uri>/api/monitoring/statistic-feature-switch</uri>
        <uri>/api/net/plmn-list</uri>
        <uri>/api/monitoring/charge-status</uri>
    </need_login_get_restful_list>
    <!--针对post请求类型，考虑的是：不需要登陆就可以访问的restful报文列表，若为空，则说明所有post请求，不登陆均无权限发送 -->
    <not_need_login_post_restful_list>
        <uri>/user/login</uri>
        <uri>/host/info</uri>
        <uri>/sdcard/sdfile</uri>
        <uri>/sdcard/fileupload</uri>
        <uri>/sdcard/Check_file_exist</uri>
        <uri>/sdcard/createdir</uri>
        <uri>/sdcard/deletefile</uri>
        <uri>/language/current-language</uri>
        <uri>/user/input_event</uri>
        <uri>/user/screen_state</uri>
        <uri>/mlog/mobile-logger</uri>
        <uri>/online-update/upgrade-messagebox</uri>
        <uri>/device/basic_information</uri>
        <uri>/device/restore-default</uri>
        <uri>/prsite/getrandurl</uri>
        <uri>/prsite/clear</uri>
        <uri>/online-update/autoupdate-config</uri>
        <uri>/user/challenge_login</uri>
        <uri>/user/authentication_login</uri>
    </not_need_login_post_restful_list>
    <!--对没有找到的资源请求返回404-->
    <not_found_particular_uri_array>
        <uri>/library/test/success.html</uri>
    </not_found_particular_uri_array>
    <!--添加配置文件白名单，不在配置文件列表中的请求返回307重定向-->
    <webui_access_config_xml_list>
        <uri>/config/deviceinformation/config.xml</uri>
        <uri>/config/dialup/connectmode.xml</uri>
        <uri>/config/dialup/config.xml</uri>
        <uri>/config/device/config.xml</uri>
        <uri>/config/fastboot/config.xml</uri>
        <uri>/config/firewall/config.xml</uri>
        <uri>/config/wifi/countryChannel.xml</uri>
        <uri>/config/wifi/configure.xml</uri>
        <uri>/config/pcassistant/config.xml</uri>
        <uri>/config/pcassistant/updateautorun.xml</uri>
        <uri>/config/pincode/config.xml</uri>
        <uri>/config/pb/config.xml</uri>
        <uri>/config/global/languagelist.xml</uri>
        <uri>/config/global/config.xml</uri>
        <uri>/config/global/net-type.xml</uri>
        <uri>/config/sms/config.xml</uri>
        <uri>/config/sntp/config.xml</uri>
        <uri>/config/stk/config.xml</uri>
        <uri>/config/ussd/prepaidussd.xml</uri>
        <uri>/config/ussd/postpaidussd.xml</uri>
        <uri>/config/network/networkmode.xml</uri>
        <uri>/config/network/net-mode.xml</uri>
        <uri>/config/ota/config.xml</uri>
        <uri>/config/lan/config.xml</uri>
        <uri>/config/update/config.xml</uri>
        <uri>/config/websd/config.xml</uri>
        <uri>/config/webuicfg/config.xml</uri>
        <uri>/usermanual/public_sys-resources/config.xml</uri>
    </webui_access_config_xml_list>
    <no_need_voice_verify_list>
        <uri>/api/user/login</uri>
        <uri>/api/user/logout</uri>
        <uri>/api/user/session </uri>
        <uri>/api/host/info</uri>
        <uri>/api/sms/set-read</uri>
        <uri>/api/sms/sms-list</uri>
        <uri>/api/sms/sms-list-pdu</uri>
        <uri>/api/sms/split-sms</uri>
        <uri>/api/sms/send-sms</uri>
        <uri>/api/sms/cancel-send</uri>
        <uri>/api/sms/send-sms-pdu</uri>
        <uri>/api/sms/delete-sms</uri>
        <uri>/api/sms/recover-sms</uri>
        <uri>/api/sms/save-sms</uri>
        <uri>/api/sms/copy-sms</uri>
        <uri>/api/sms/move-sms</uri>
        <uri>/api/sms/backup-sim</uri>
    </no_need_voice_verify_list>
</config>