﻿<?xml version="1.0" encoding="utf-8"?><config> <language><item name="ID_NOSERVICE">无服务</item><item name="ID_INSERT_SIM">插入SIM</item><item name="ID_INVALID_SIM">无效SIM</item><item name="ID_LOCK_SIM">SIM锁定</item><item name="ID_SIM_PIN">PIN锁定</item><item name="ID_SIM_PUK">PUK锁定</item><item name="ID_SEARCHING">搜网中</item><item name="ID_INITING">初始化</item><item name="ID_PASSED">通过</item><item name="ID_FAILED">失败</item><item name="ID_LOW_POWER">电量低</item><item name="ID_CONNECTING">连接中</item><item name="ID_CONNECTED">连接成功</item><item name="ID_DISCONNECTED">连接关闭</item><item name="ID_ROMAING">漫游!请打开浏览器完成连接.</item><item name="ID_SSID">SSID:</item><item name="ID_WIFIKEY">PWD:</item><item name="ID_SMS_ONLY">SMS only</item><item name="ID_LIMITED_NETWORK">Limited Service</item><item name="ID_TEMP_HIGH">温度过高</item><item name="ID_TEMP_LOW">温度过低</item><item name="ID_WIFIOFFLOAD_UP">互联网WiFi开启</item><item name="ID_WIFIOFFLOAD_DOWN">互联网WiFi关闭</item><item name="ID_DO_MAIN">主页:</item><item name="ID_IP_ADDRESS">IP:</item><item name="ID_DOWNLOADING">下载中</item><item name="ID_UPDATE_SUCCESS">升级成功</item><item name="ID_R_UPDATE_FAIL">漫游中,升级失败</item><item name="ID_UPDATE_FAIL">升级失败</item><item name="ID_LB_UPDATE_FAIL">电量低,升级失败</item><item name="ID_D_DISALBE">下载中,连接失效</item><item name="ID_R_INSTALL">重启安装</item><item name="ID_SWITCH_INTELMODE">互联网WLAN开启</item><item name="ID_SOFTWARE_VERSION">Ver:</item><item name="ID_NEW_SOFTWARE">新版本</item><item name="ID_AIRPLANE_MODE">关闭网络</item><item name="ID_AIRPLANE_OK">确定</item><item name="ID_NEW_UPDATE">更新</item><item name="ID_CANCEL">取消</item><item name="ID_EXCHARGE_TMP_HIGHT">过温,充电停止</item><item name="ID_WIFI_WAKEUP">正在退出休眠状态</item><item name="ID_ITEM_TXT_INFOMATION_TITLE">Device Info</item><item name="ID_ITEM_TXT_OFFLOAD_TITLE">Internet WLAN</item><item name="ID_ITEM_TXT_WIFIBAND_TITLE">Wi-Fi band</item><item name="ID_ITEM_TXT_WIFI5G_TITLE">5GHz</item><item name="ID_ITEM_TXT_WIFI2G_TITLE">2.4GHz</item><item name="ID_ITEM_TXT_INFO_DETAIL_CONTENT">details</item><item name="ID_ITEM_TXT_QR_TITLE">Wi-Fi key</item><item name="ID_ITEM_TXT_URL_QR_TITLE">Mobile app</item><item name="ID_ITEM_TXT_2D_BARCODE_TITLE">2D Barcode</item><item name="ID_ITEM_TXT_ROAM_CONNECT_TITLE">Data roaming</item><item name="ID_ITEM_TXT_FAST_BOOT_TITLE">Fast boot</item><item name="ID_MENU_TXT_WPS_TITLE">WPS</item><item name="ID_ITEM_TXT_NEXT_TITLE">Next</item><item name="ID_ITEM_TXT_OK_TITLE">OK</item><item name="ID_ITEM_TXT_BACK_TITLE">Back</item><item name="ID_CRADLE_PROMOTE">以太网</item><item name="ID_INSERT_SIM_RESTART">请插SIM卡后重启设备.</item><item name="ID_NO_MENU_ROMAING">漫游!请打开浏览器完成连接.</item><item name="ID_UPDATE_NEWVERSION_TIPS">新版本.请通过浏览器更新.</item><item name="ID_DOUBLE_SSID_5G">双ssid功能开启,5G功能不可用.</item><item name="ID_EXCHARGE_LOW_BATTERY">电量低,停止对外充电.</item><item name="ID_DFS_CHECKING">Wi-Fi可用性检测...</item><item name="ID_IMEI">IMEI:</item><item name="ID_SN">S/N:</item></language></config>