﻿<?xml version="1.0" encoding="utf-8"?>
<config>
 <language>
<item name="ID_NOSERVICE">Sem rede</item>
<item name="ID_INSERT_SIM">Insira o SIM</item>
<item name="ID_INVALID_SIM">SIM inválido</item>
<item name="ID_LOCK_SIM">Travado</item>
<item name="ID_SIM_PIN">Digite o PIN</item>
<item name="ID_SIM_PUK">SIM bloqueado</item>
<item name="ID_SEARCHING">Buscando</item>
<item name="ID_INITING">Inicializando</item>
<item name="ID_PASSED">Aprovado</item>
<item name="ID_FAILED">Falhou</item>
<item name="ID_LOW_POWER">Bateria fraca</item>
<item name="ID_CONNECTING">Conectando</item>
<item name="ID_CONNECTED">Connected</item>
<item name="ID_DISCONNECTED">Disconected</item>
<item name="ID_ROMAING">Roaming! Conecte-se a partir da Web.</item>
<item name="ID_SSID">SSID:</item>
<item name="ID_WIFIKEY">PWD:</item>
<item name="ID_SMS_ONLY">SMS only</item>
<item name="ID_LIMITED_NETWORK">Limited Service</item>
<item name="ID_TEMP_HIGH">Sobreaquecido</item>
<item name="ID_TEMP_LOW">Temp. muito baixa</item>
<item name="ID_WIFIOFFLOAD_UP">Internet WiFi ligada</item>
<item name="ID_WIFIOFFLOAD_DOWN">Internet WiFi desligada</item>
<item name="ID_DO_MAIN">Página inicial:</item>
<item name="ID_IP_ADDRESS">IP:</item>
<item name="ID_DOWNLOADING"></item>
<item name="ID_UPDATE_SUCCESS"></item>
<item name="ID_R_UPDATE_FAIL"></item>
<item name="ID_UPDATE_FAIL"></item>
<item name="ID_LB_UPDATE_FAIL"></item>
<item name="ID_D_DISALBE"></item>
<item name="ID_R_INSTALL"></item>
<item name="ID_SWITCH_INTELMODE">WLAN Internet ativada</item>
<item name="ID_SOFTWARE_VERSION">Ver:</item>
<item name="ID_NEW_SOFTWARE">Novo software</item>
<item name="ID_AIRPLANE_MODE">Desativar rede</item>
<item name="ID_AIRPLANE_OK">OK</item>
<item name="ID_NEW_UPDATE">Atualizar</item>
<item name="ID_CANCEL">Cancelar</item>
<item name="ID_EXCHARGE_TMP_HIGHT">Superaquec. Carregamento interrompido.</item>
<item name="ID_WIFI_WAKEUP">Saindo do modo de suspensão.</item>
<item name="ID_ITEM_TXT_INFOMATION_TITLE">Device Info</item>
<item name="ID_ITEM_TXT_OFFLOAD_TITLE">Internet WLAN</item>
<item name="ID_ITEM_TXT_WIFIBAND_TITLE">Wi-Fi band</item>
<item name="ID_ITEM_TXT_WIFI5G_TITLE">5GHz</item>
<item name="ID_ITEM_TXT_WIFI2G_TITLE">2.4GHz</item>
<item name="ID_ITEM_TXT_INFO_DETAIL_CONTENT">details</item>
<item name="ID_ITEM_TXT_QR_TITLE">Wi-Fi key</item>
<item name="ID_ITEM_TXT_URL_QR_TITLE">Mobile app</item>
<item name="ID_ITEM_TXT_2D_BARCODE_TITLE">2D Barcode</item>
<item name="ID_ITEM_TXT_ROAM_CONNECT_TITLE">Data roaming</item>
<item name="ID_ITEM_TXT_FAST_BOOT_TITLE">Fast boot</item>
<item name="ID_MENU_TXT_WPS_TITLE">WPS</item>
<item name="ID_ITEM_TXT_NEXT_TITLE">Next</item>
<item name="ID_ITEM_TXT_OK_TITLE">OK</item>
<item name="ID_ITEM_TXT_BACK_TITLE">Back</item>
<item name="ID_CRADLE_PROMOTE">Ethernet</item>
<item name="ID_INSERT_SIM_RESTART">Insira o SIM e reinicie</item>
<item name="ID_NO_MENU_ROMAING">Roaming! Conecte-se a partir da Web.</item>
<item name="ID_UPDATE_NEWVERSION_TIPS">Nova versão dispon. Acesse UI web para atualizar.</item>
<item name="ID_DOUBLE_SSID_5G">A função SSID dupla está habilitada e a banda Wi-Fi de 5 GHz está indisponível.</item>
<item name="ID_EXCHARGE_LOW_BATTERY">Energia baixa. Pare o fornec. para outros disposit.</item>
<item name="ID_DFS_CHECKING">Verif. a compatib. Wi-Fi...</item>
<item name="ID_IMEI">IMEI:</item>
<item name="ID_SN">S/N:</item>
</language>
</config>