﻿<?xml version="1.0" encoding="utf-8"?><config> <language><item name="ID_NOSERVICE">Aucun réseau</item><item name="ID_INSERT_SIM">Insérer la carte SIM</item><item name="ID_INVALID_SIM">Carte SIM non valide</item><item name="ID_LOCK_SIM">Verrouillé</item><item name="ID_SIM_PIN">Saisir le code PIN</item><item name="ID_SIM_PUK">SIM Bloqué</item><item name="ID_SEARCHING">Recherche en cours</item><item name="ID_INITING">Initialisation en cours</item><item name="ID_PASSED">Réussi</item><item name="ID_FAILED">échec</item><item name="ID_LOW_POWER">Batterie faible</item><item name="ID_CONNECTING">Connexion en cours</item><item name="ID_CONNECTED">Connected</item><item name="ID_DISCONNECTED">Disconected</item><item name="ID_ROMAING">Itinérance! Connectez-vous en ligne.</item><item name="ID_SSID">SSID:</item><item name="ID_WIFIKEY">PWD:</item><item name="ID_SMS_ONLY">SMS only</item><item name="ID_LIMITED_NETWORK">Limited Service</item><item name="ID_TEMP_HIGH">Surchauffe</item><item name="ID_TEMP_LOW">Température trop faible</item><item name="ID_WIFIOFFLOAD_UP">WIFI Internet activé</item><item name="ID_WIFIOFFLOAD_DOWN">WIFI Internet désactivé</item><item name="ID_DO_MAIN">Page d'accueil:</item><item name="ID_IP_ADDRESS">IP:</item><item name="ID_DOWNLOADING"></item><item name="ID_UPDATE_SUCCESS"></item><item name="ID_R_UPDATE_FAIL"></item><item name="ID_UPDATE_FAIL"></item><item name="ID_LB_UPDATE_FAIL"></item><item name="ID_D_DISALBE"></item><item name="ID_R_INSTALL"></item><item name="ID_SWITCH_INTELMODE">Internet WLAN activé</item><item name="ID_SOFTWARE_VERSION">Ver:</item><item name="ID_NEW_SOFTWARE">Nouveau logiciel</item><item name="ID_AIRPLANE_MODE">Arrêt réseau</item><item name="ID_AIRPLANE_OK">OK</item><item name="ID_NEW_UPDATE">Mettre à jour</item><item name="ID_CANCEL">Annuler</item><item name="ID_EXCHARGE_TMP_HIGHT">Surchauffe. Charge interrompu.</item><item name="ID_WIFI_WAKEUP">Sortie de veille.</item><item name="ID_ITEM_TXT_INFOMATION_TITLE">Device Info</item><item name="ID_ITEM_TXT_OFFLOAD_TITLE">Internet WLAN</item><item name="ID_ITEM_TXT_WIFIBAND_TITLE">Wi-Fi band</item><item name="ID_ITEM_TXT_WIFI5G_TITLE">5GHz</item><item name="ID_ITEM_TXT_WIFI2G_TITLE">2.4GHz</item><item name="ID_ITEM_TXT_INFO_DETAIL_CONTENT">details</item><item name="ID_ITEM_TXT_QR_TITLE">Wi-Fi key</item><item name="ID_ITEM_TXT_URL_QR_TITLE">Mobile app</item><item name="ID_ITEM_TXT_2D_BARCODE_TITLE">2D Barcode</item><item name="ID_ITEM_TXT_ROAM_CONNECT_TITLE">Data roaming</item><item name="ID_ITEM_TXT_FAST_BOOT_TITLE">Fast boot</item><item name="ID_MENU_TXT_WPS_TITLE">WPS</item><item name="ID_ITEM_TXT_NEXT_TITLE">Next</item><item name="ID_ITEM_TXT_OK_TITLE">OK</item><item name="ID_ITEM_TXT_BACK_TITLE">Back</item><item name="ID_CRADLE_PROMOTE">Ethernet</item><item name="ID_INSERT_SIM_RESTART">Insérer SIM et redémar</item><item name="ID_NO_MENU_ROMAING">Itinérance! Connectez-vous en ligne.</item><item name="ID_UPDATE_NEWVERSION_TIPS">Nouv. vers. dispo. Allez à interf. Web pour mettre à jr.</item><item name="ID_DOUBLE_SSID_5G">La fonction de double SSID est activée et la bande Wi-Fi 5 GHz n'est pas disponible.</item><item name="ID_EXCHARGE_LOW_BATTERY">Batt. faible. Arrêter d'aliment. autres appareils.</item><item name="ID_DFS_CHECKING">Vérif disponibilité Wi-Fi...</item><item name="ID_IMEI">IMEI:</item><item name="ID_SN">S/N:</item></language></config>