﻿<?xml version="1.0" encoding="utf-8"?>
<config>
 <language>
<item name="ID_NOSERVICE">Nessuna rete</item>
<item name="ID_INSERT_SIM">Inserisci SIM</item>
<item name="ID_INVALID_SIM">SIM non valida</item>
<item name="ID_LOCK_SIM">Bloccata</item>
<item name="ID_SIM_PIN">Immetti PIN</item>
<item name="ID_SIM_PUK">SIM bloccata</item>
<item name="ID_SEARCHING">Ricerca in corso</item>
<item name="ID_INITING">Inizializzazione in corso…</item>
<item name="ID_PASSED">Riuscita</item>
<item name="ID_FAILED">Non riuscita</item>
<item name="ID_LOW_POWER">Batteria scarica</item>
<item name="ID_CONNECTING">Connessione in corso</item>
<item name="ID_CONNECTED">Connesso</item>
<item name="ID_DISCONNECTED">Disconnesso</item>
<item name="ID_ROMAING">Roaming! Collegarsi dal Web.</item>
<item name="ID_SSID">SSID:</item>
<item name="ID_WIFIKEY">PWD:</item>
<item name="ID_SMS_ONLY">SMS only</item>
<item name="ID_LIMITED_NETWORK">Limited Service</item>
<item name="ID_TEMP_HIGH">Surriscaldato</item>
<item name="ID_TEMP_LOW">Temp troppo bassa</item>
<item name="ID_WIFIOFFLOAD_UP">WIFI Internet attivo</item>
<item name="ID_WIFIOFFLOAD_DOWN">WIFI Internet disattivo</item>
<item name="ID_DO_MAIN">Home page:</item>
<item name="ID_IP_ADDRESS">IP:</item>
<item name="ID_DOWNLOADING"></item>
<item name="ID_UPDATE_SUCCESS"></item>
<item name="ID_R_UPDATE_FAIL"></item>
<item name="ID_UPDATE_FAIL"></item>
<item name="ID_LB_UPDATE_FAIL"></item>
<item name="ID_D_DISALBE"></item>
<item name="ID_R_INSTALL"></item>
<item name="ID_SWITCH_INTELMODE">WLAN Internet attiva</item>
<item name="ID_SOFTWARE_VERSION">Ver:</item>
<item name="ID_NEW_SOFTWARE">Nuovo software</item>
<item name="ID_AIRPLANE_MODE">Disattiva rete</item>
<item name="ID_AIRPLANE_OK">OK</item>
<item name="ID_NEW_UPDATE">Aggiorna</item>
<item name="ID_CANCEL">Annulla</item>
<item name="ID_EXCHARGE_TMP_HIGHT">Surriscaldamento. Carica interrotta.</item>
<item name="ID_WIFI_WAKEUP">Uscita dalla modalità di sospensione.</item>
<item name="ID_ITEM_TXT_INFOMATION_TITLE">Device Info</item>
<item name="ID_ITEM_TXT_OFFLOAD_TITLE">Internet WLAN</item>
<item name="ID_ITEM_TXT_WIFIBAND_TITLE">Wi-Fi band</item>
<item name="ID_ITEM_TXT_WIFI5G_TITLE">5GHz</item>
<item name="ID_ITEM_TXT_WIFI2G_TITLE">2.4GHz</item>
<item name="ID_ITEM_TXT_INFO_DETAIL_CONTENT">details</item>
<item name="ID_ITEM_TXT_QR_TITLE">Wi-Fi key</item>
<item name="ID_ITEM_TXT_URL_QR_TITLE">Mobile app</item>
<item name="ID_ITEM_TXT_2D_BARCODE_TITLE">2D Barcode</item>
<item name="ID_ITEM_TXT_ROAM_CONNECT_TITLE">Data roaming</item>
<item name="ID_ITEM_TXT_FAST_BOOT_TITLE">Fast boot</item>
<item name="ID_MENU_TXT_WPS_TITLE">WPS</item>
<item name="ID_ITEM_TXT_NEXT_TITLE">Next</item>
<item name="ID_ITEM_TXT_OK_TITLE">OK</item>
<item name="ID_ITEM_TXT_BACK_TITLE">Back</item>
<item name="ID_CRADLE_PROMOTE">Ethernet</item>
<item name="ID_INSERT_SIM_RESTART">Inser. la SIM e riavv</item>
<item name="ID_NO_MENU_ROMAING">Roaming! Collegarsi dal Web.</item>
<item name="ID_UPDATE_NEWVERSION_TIPS">Nuova vers. disponibile. Scaricarla da int. Web.</item>
<item name="ID_DOUBLE_SSID_5G">La funzione dual SSID è attivata e la banda Wi-Fi a 5 GHz non è disponibile.</item>
<item name="ID_EXCHARGE_LOW_BATTERY">Poca energia. Terminare alimentaz. altri disposit.</item>
<item name="ID_DFS_CHECKING">Controllo disponib Wi-Fi...</item>
<item name="ID_IMEI">IMEI:</item>
<item name="ID_SN">S/N:</item>
</language>
</config>