﻿<?xml version="1.0" encoding="utf-8"?><config> <language><item name="ID_NOSERVICE">Kein Netzwerk</item><item name="ID_INSERT_SIM">SIM-Karte einlegen</item><item name="ID_INVALID_SIM">Ungültige SIM</item><item name="ID_LOCK_SIM">Gesperrt</item><item name="ID_SIM_PIN">Geben Sie die PIN ein</item><item name="ID_SIM_PUK">SIM gesperrt</item><item name="ID_SEARCHING">Suche</item><item name="ID_INITING">Initialisiere</item><item name="ID_PASSED">Bestanden</item><item name="ID_FAILED">Fehler</item><item name="ID_LOW_POWER">Schwache Batterie</item><item name="ID_CONNECTING">Verbinde</item><item name="ID_CONNECTED">Connected</item><item name="ID_DISCONNECTED">Disconected</item><item name="ID_ROMAING">Roaming! Bitte über das Web verbinden.</item><item name="ID_SSID">SSID:</item><item name="ID_WIFIKEY">PWD:</item><item name="ID_SMS_ONLY">SMS only</item><item name="ID_LIMITED_NETWORK">Limited Service</item><item name="ID_TEMP_HIGH">überhitzt</item><item name="ID_TEMP_LOW">Temperatur zu niedrig</item><item name="ID_WIFIOFFLOAD_UP">Internet WLAN ein</item><item name="ID_WIFIOFFLOAD_DOWN">Internet WLAN aus</item><item name="ID_DO_MAIN">Homepage:</item><item name="ID_IP_ADDRESS">IP:</item><item name="ID_DOWNLOADING"></item><item name="ID_UPDATE_SUCCESS"></item><item name="ID_R_UPDATE_FAIL"></item><item name="ID_UPDATE_FAIL"></item><item name="ID_LB_UPDATE_FAIL"></item><item name="ID_D_DISALBE"></item><item name="ID_R_INSTALL"></item><item name="ID_SWITCH_INTELMODE">Internet-WLAN ein</item><item name="ID_SOFTWARE_VERSION">Ver:</item><item name="ID_NEW_SOFTWARE">Neue software</item><item name="ID_AIRPLANE_MODE">Netzwerk ausschalten</item><item name="ID_AIRPLANE_OK">OK</item><item name="ID_NEW_UPDATE">Aktualisieren</item><item name="ID_CANCEL">Abbrechen</item><item name="ID_EXCHARGE_TMP_HIGHT">überhitzung. Ladevorgang abgebrochen.</item><item name="ID_WIFI_WAKEUP">Beenden des Ruhemodus.</item><item name="ID_ITEM_TXT_INFOMATION_TITLE">Device Info</item><item name="ID_ITEM_TXT_OFFLOAD_TITLE">Internet WLAN</item><item name="ID_ITEM_TXT_WIFIBAND_TITLE">Wi-Fi band</item><item name="ID_ITEM_TXT_WIFI5G_TITLE">5GHz</item><item name="ID_ITEM_TXT_WIFI2G_TITLE">2.4GHz</item><item name="ID_ITEM_TXT_INFO_DETAIL_CONTENT">details</item><item name="ID_ITEM_TXT_QR_TITLE">Wi-Fi key</item><item name="ID_ITEM_TXT_URL_QR_TITLE">Mobile app</item><item name="ID_ITEM_TXT_2D_BARCODE_TITLE">2D Barcode</item><item name="ID_ITEM_TXT_ROAM_CONNECT_TITLE">Data roaming</item><item name="ID_ITEM_TXT_FAST_BOOT_TITLE">Fast boot</item><item name="ID_MENU_TXT_WPS_TITLE">WPS</item><item name="ID_ITEM_TXT_NEXT_TITLE">Next</item><item name="ID_ITEM_TXT_OK_TITLE">OK</item><item name="ID_ITEM_TXT_BACK_TITLE">Back</item><item name="ID_CRADLE_PROMOTE">Ethernet</item><item name="ID_INSERT_SIM_RESTART">SIM-K. eins. + Neust</item><item name="ID_NO_MENU_ROMAING">Roaming! Bitte über das Web verbinden.</item><item name="ID_UPDATE_NEWVERSION_TIPS">N. Version verfügbar. Z. Aktual. z. Web-UI wechs.</item><item name="ID_DOUBLE_SSID_5G">Dual-SSID-Funktion ist aktiviert und der 5-GHz-WLAN-Bereich ist nicht verfügbar.</item><item name="ID_EXCHARGE_LOW_BATTERY">Akku schwach. Stromvers. anderer Geräte beenden.</item><item name="ID_DFS_CHECKING">Überpr. WLAN-Verfügbarkeit...</item><item name="ID_IMEI">IMEI:</item><item name="ID_SN">S/N:</item></language></config>