﻿<?xml version="1.0" encoding="utf-8"?><config> <language><item name="ID_NOSERVICE">Sin red</item><item name="ID_INSERT_SIM">Insertar SIM</item><item name="ID_INVALID_SIM">SIM no válida</item><item name="ID_LOCK_SIM">Bloqueada</item><item name="ID_SIM_PIN">Ingresar PIN</item><item name="ID_SIM_PUK">SIM bloqueada</item><item name="ID_SEARCHING">Buscando</item><item name="ID_INITING">Inicializando</item><item name="ID_PASSED">Operación exitosa</item><item name="ID_FAILED">Operación no exitosa</item><item name="ID_LOW_POWER">Batería baja</item><item name="ID_CONNECTING">Conectando</item><item name="ID_CONNECTED">Connected</item><item name="ID_DISCONNECTED">Disconected</item><item name="ID_ROMAING">En roaming! Conéctese desde la Web.</item><item name="ID_SSID">SSID:</item><item name="ID_WIFIKEY">PWD:</item><item name="ID_SMS_ONLY">SMS only</item><item name="ID_LIMITED_NETWORK">Limited Service</item><item name="ID_TEMP_HIGH">Recalentamiento</item><item name="ID_TEMP_LOW">Temp demasiado baja</item><item name="ID_WIFIOFFLOAD_UP">Internet por Wi-Fi activada</item><item name="ID_WIFIOFFLOAD_DOWN">Internet por Wi-Fi desactivada</item><item name="ID_DO_MAIN">página de inicio:</item><item name="ID_IP_ADDRESS">IP:</item><item name="ID_DOWNLOADING"></item><item name="ID_UPDATE_SUCCESS"></item><item name="ID_R_UPDATE_FAIL"></item><item name="ID_UPDATE_FAIL"></item><item name="ID_LB_UPDATE_FAIL"></item><item name="ID_D_DISALBE"></item><item name="ID_R_INSTALL"></item><item name="ID_SWITCH_INTELMODE">Internet WLAN activada</item><item name="ID_SOFTWARE_VERSION">Ver:</item><item name="ID_NEW_SOFTWARE">Software nuevo</item><item name="ID_AIRPLANE_MODE">Desactivar red</item><item name="ID_AIRPLANE_OK">Aceptar</item><item name="ID_NEW_UPDATE">Actualizar</item><item name="ID_CANCEL">Cancelar</item><item name="ID_EXCHARGE_TMP_HIGHT">Sobrecalentamiento. Carga detenida.</item><item name="ID_WIFI_WAKEUP">Saliendo del modo de suspensión.</item><item name="ID_ITEM_TXT_INFOMATION_TITLE">Device Info</item><item name="ID_ITEM_TXT_OFFLOAD_TITLE">Internet WLAN</item><item name="ID_ITEM_TXT_WIFIBAND_TITLE">Wi-Fi band</item><item name="ID_ITEM_TXT_WIFI5G_TITLE">5GHz</item><item name="ID_ITEM_TXT_WIFI2G_TITLE">2.4GHz</item><item name="ID_ITEM_TXT_INFO_DETAIL_CONTENT">details</item><item name="ID_ITEM_TXT_QR_TITLE">Wi-Fi key</item><item name="ID_ITEM_TXT_URL_QR_TITLE">Mobile app</item><item name="ID_ITEM_TXT_2D_BARCODE_TITLE">2D Barcode</item><item name="ID_ITEM_TXT_ROAM_CONNECT_TITLE">Data roaming</item><item name="ID_ITEM_TXT_FAST_BOOT_TITLE">Fast boot</item><item name="ID_MENU_TXT_WPS_TITLE">WPS</item><item name="ID_ITEM_TXT_NEXT_TITLE">Next</item><item name="ID_ITEM_TXT_OK_TITLE">OK</item><item name="ID_ITEM_TXT_BACK_TITLE">Back</item><item name="ID_CRADLE_PROMOTE">Ethernet</item><item name="ID_INSERT_SIM_RESTART">Inserte SIM y reinicie</item><item name="ID_NO_MENU_ROMAING">En roaming! Conéctese desde la Web.</item><item name="ID_UPDATE_NEWVERSION_TIPS">Nueva versión. Acceda a la IU web para actualizar.</item><item name="ID_DOUBLE_SSID_5G">La función SSID dual está habilitada y la banda Wi-Fi de 5 GHz no está disponible.</item><item name="ID_EXCHARGE_LOW_BATTERY">Batería baja. No alimentar a otros dispositivos.</item><item name="ID_DFS_CHECKING">Verificando disponibilidad de Wi-Fi...</item><item name="ID_IMEI">IMEI:</item><item name="ID_SN">S/N:</item></language></config>