﻿<?xml version="1.0" encoding="utf-8"?><config> <language><item name="ID_NOSERVICE">Сеть недоступна</item><item name="ID_INSERT_SIM">Вставьте SIM</item><item name="ID_INVALID_SIM">Ошибка SIM</item><item name="ID_LOCK_SIM">Заблокировано</item><item name="ID_SIM_PIN">Введите PIN</item><item name="ID_SIM_PUK">SIM заблокирована</item><item name="ID_SEARCHING">Идет поиск</item><item name="ID_INITING">Инициализация</item><item name="ID_PASSED">Пройдено</item><item name="ID_FAILED">Не пройдено</item><item name="ID_LOW_POWER">Аккумулятор разряжен</item><item name="ID_CONNECTING">Подключение</item><item name="ID_CONNECTED">Подключено</item><item name="ID_DISCONNECTED">Отключено</item><item name="ID_ROMAING">Вы в роуминге! Подключитесь с веб-сайта.</item><item name="ID_SSID">SSID:</item><item name="ID_WIFIKEY">PWD:</item><item name="ID_SMS_ONLY">SMS only</item><item name="ID_LIMITED_NETWORK">Limited Service</item><item name="ID_TEMP_HIGH">Перегрев</item><item name="ID_TEMP_LOW">Слишком низкая температура</item><item name="ID_WIFIOFFLOAD_UP">Интернет Wi-Fi вкл.</item><item name="ID_WIFIOFFLOAD_DOWN">Интернет Wi-Fi выкл.</item><item name="ID_DO_MAIN">Домашняя страница:</item><item name="ID_IP_ADDRESS">IP:</item><item name="ID_DOWNLOADING"></item><item name="ID_UPDATE_SUCCESS"></item><item name="ID_R_UPDATE_FAIL"></item><item name="ID_UPDATE_FAIL"></item><item name="ID_LB_UPDATE_FAIL"></item><item name="ID_D_DISALBE"></item><item name="ID_R_INSTALL"></item><item name="ID_SWITCH_INTELMODE">Internet WLAN вкл.</item><item name="ID_SOFTWARE_VERSION">Ver:</item><item name="ID_NEW_SOFTWARE">Новое ПО</item><item name="ID_AIRPLANE_MODE">Выключить сеть</item><item name="ID_AIRPLANE_OK">OK</item><item name="ID_NEW_UPDATE">Обновить</item><item name="ID_CANCEL">Отмена</item><item name="ID_EXCHARGE_TMP_HIGHT">Перегрев! Зарядка остановлена.</item><item name="ID_WIFI_WAKEUP">Выход из спящего режима.</item><item name="ID_ITEM_TXT_INFOMATION_TITLE">Device Info</item><item name="ID_ITEM_TXT_OFFLOAD_TITLE">Internet WLAN</item><item name="ID_ITEM_TXT_WIFIBAND_TITLE">Wi-Fi band</item><item name="ID_ITEM_TXT_WIFI5G_TITLE">5GHz</item><item name="ID_ITEM_TXT_WIFI2G_TITLE">2.4GHz</item><item name="ID_ITEM_TXT_INFO_DETAIL_CONTENT">details</item><item name="ID_ITEM_TXT_QR_TITLE">Wi-Fi key</item><item name="ID_ITEM_TXT_URL_QR_TITLE">Mobile app</item><item name="ID_ITEM_TXT_2D_BARCODE_TITLE">2D Barcode</item><item name="ID_ITEM_TXT_ROAM_CONNECT_TITLE">Data roaming</item><item name="ID_ITEM_TXT_FAST_BOOT_TITLE">Fast boot</item><item name="ID_MENU_TXT_WPS_TITLE">WPS</item><item name="ID_ITEM_TXT_NEXT_TITLE">Next</item><item name="ID_ITEM_TXT_OK_TITLE">OK</item><item name="ID_ITEM_TXT_BACK_TITLE">Back</item><item name="ID_CRADLE_PROMOTE">Ethernet</item><item name="ID_INSERT_SIM_RESTART">Уст. SIM, перезагруз</item><item name="ID_NO_MENU_ROMAING">Вы в роуминге! Подключитесь с веб-сайта.</item><item name="ID_UPDATE_NEWVERSION_TIPS">На веб-странице доступна новая версия ПО.</item><item name="ID_DOUBLE_SSID_5G">Включена функция Dual SSID, режим Wi-Fi 5 ГГц недоступен.</item><item name="ID_EXCHARGE_LOW_BATTERY">Разряжено. Питание др. устр-в остан.</item><item name="ID_DFS_CHECKING">Поиск сети Wi-Fi...</item><item name="ID_IMEI">IMEI:</item><item name="ID_SN">S/N:</item></language></config>