﻿<?xml version="1.0" encoding="utf-8"?><config> <language><item name="ID_NOSERVICE">Сеть недоступна</item><item name="ID_INSERT_SIM">Вставьте SIM</item><item name="ID_INVALID_SIM">Ошибка SIM</item><item name="ID_LOCK_SIM">Заблокировано</item><item name="ID_SIM_PIN">Введите PIN</item><item name="ID_SIM_PUK">SIM заблокирована</item><item name="ID_SEARCHING">Идет поиск</item><item name="ID_INITING">Инициализация</item><item name="ID_PASSED">Пройдено</item><item name="ID_FAILED">Не пройдено</item><item name="ID_LOW_POWER">Аккумулятор разряжен</item><item name="ID_CONNECTING">Подключение</item><item name="ID_CONNECTED">Подключено</item><item name="ID_DISCONNECTED">Отключено</item><item name="ID_ROMAING">Роуминг! Включите в меню передачу данных в роуминге.</item><item name="ID_SSID">SSID:</item><item name="ID_WIFIKEY">PWD:</item><item name="ID_SMS_ONLY">SMS only</item><item name="ID_LIMITED_NETWORK">Limited Service</item><item name="ID_TEMP_HIGH">Перегрев</item><item name="ID_TEMP_LOW">Слишком низкая температура</item><item name="ID_WIFIOFFLOAD_UP">Интернет Wi-Fi вкл.</item><item name="ID_WIFIOFFLOAD_DOWN">Интернет Wi-Fi выкл.</item><item name="ID_DO_MAIN">Домашняя страница:</item><item name="ID_IP_ADDRESS">IP:</item><item name="ID_DOWNLOADING"></item><item name="ID_UPDATE_SUCCESS"></item><item name="ID_R_UPDATE_FAIL"></item><item name="ID_UPDATE_FAIL"></item><item name="ID_LB_UPDATE_FAIL"></item><item name="ID_D_DISALBE"></item><item name="ID_R_INSTALL"></item><item name="ID_SWITCH_INTELMODE">Internet WLAN вкл.</item><item name="ID_WIFI_EXTENDOR_ON">Wi-Fi-репитер вкл.</item><item name="ID_SOFTWARE_VERSION">Ver:</item><item name="ID_NEW_SOFTWARE">Новое ПО</item><item name="ID_AIRPLANE_MODE">Выключить сеть</item><item name="ID_AIRPLANE_OK">OK</item><item name="ID_NEW_UPDATE">Обновить</item><item name="ID_CANCEL">Отмена</item><item name="ID_EXCHARGE_TMP_HIGHT">Перегрев! Зарядка остановлена.</item><item name="ID_WIFI_WAKEUP">Выход из спящего режима.</item><item name="ID_ITEM_TXT_INFOMATION_TITLE">Инфо уст-ва</item><item name="ID_ITEM_TXT_OFFLOAD_TITLE">Интернет WLAN</item><item name="ID_ITEM_TXT_WIFI_EXTENDOR_TITLE">Wi-Fi-репитер</item><item name="ID_ITEM_TXT_WIFIBAND_TITLE">Частота</item><item name="ID_ITEM_TXT_WIFI5G_TITLE">5GHz</item><item name="ID_ITEM_TXT_WIFI2G_TITLE">2.4GHz</item><item name="ID_ITEM_TXT_INFO_DETAIL_CONTENT">details</item><item name="ID_ITEM_TXT_QR_TITLE">Пароль Wi-Fi</item><item name="ID_ITEM_TXT_URL_QR_TITLE">Huawei HiLink</item><item name="ID_ITEM_TXT_2D_BARCODE_TITLE">QR-код</item><item name="ID_ITEM_TXT_ROAM_CONNECT_TITLE">Роум. данных</item><item name="ID_ITEM_TXT_FAST_BOOT_TITLE">Быст. загр.</item><item name="ID_MENU_TXT_WPS_TITLE">WPS</item><item name="ID_ITEM_TXT_SMS_TITLE">Сообщения</item><item name="ID_ITEM_TXT_SMS_CONTENT_HELP">Доп. информацию см. на веб-странице конфигурации.</item><item name="ID_ITEM_TXT_NEXT_TITLE">Далее</item><item name="ID_ITEM_TXT_OK_TITLE">OK</item><item name="ID_ITEM_TXT_BACK_TITLE">Назад</item><item name="ID_ITEM_TXT_SMS_CONTENT_EMPTY">Папка входящих сообщений пуста.</item><item name="ID_WIFI_FREQUENCE_CHANGE">Сбой подключения к устройствам 2.4 ГГц.</item><item name="ID_NEXT_CHOICE">Далее</item><item name="ID_OK_CHOICE">OK</item><item name="ID_TURN_OFF_CHOICE">Выключить</item><item name="ID_IGNOR_CHOICE">Пропустить</item><item name="ID_CRADLE_PROMOTE">Ethernet</item><item name="ID_ITEM_TXT_SMS_REPORT">Отчет о доставке SMS</item><item name="ID_ITEM_TXT_SMS_COLON">:</item><item name="ID_ITEM_TXT_SMS_SUCCESS">Успеха.</item><item name="ID_ITEM_TXT_SMS_FAILED">Не отправлено.</item><item name="ID_INSERT_SIM_RESTART">Уст. SIM, перезагруз</item><item name="ID_NO_MENU_ROMAING">Вы в роуминге!Подключитесь с веб-сайта.</item><item name="ID_ITEM_TXT_SIM_DETAIL">Нет SIM-карты. Включено Wi-Fi 2,4 ГГц.</item><item name="ID_ITEM_TXT_ROAM_DETAIL">Роуминг. Включено Wi-Fi 2,4 ГГц.</item><item name="ID_ITEM_TXT_PUK_DETAIL">Блокировка(PUK-код). Wi-Fi 2,4 ГГц вкл.</item><item name="ID_DOUBLE_SSID_5G">Включена функция Dual SSID, режим Wi-Fi 5 ГГц недоступен.</item><item name="ID_EXCHARGE_LOW_BATTERY">Разряжено. Питание др. устр-в остан.</item><item name="ID_DFS_CHECKING">Поиск сети Wi-Fi...</item><item name="ID_WIFI_5G_SWITCH_TIPS">Только устройства Wi-Fi 5 ГГц.</item><item name="ID_WPS">WPS</item><item name="ID_UPDATE_AUTOUPDATE_TIPS">Автообновление включено.</item></language></config>