﻿<?xml version="1.0" encoding="utf-8"?><config> <language><item name="ID_NOSERVICE">Sin red</item><item name="ID_INSERT_SIM">Insertar SIM</item><item name="ID_INVALID_SIM">SIM no válida</item><item name="ID_LOCK_SIM">Bloqueada</item><item name="ID_SIM_PIN">Ingresar PIN</item><item name="ID_SIM_PUK">SIM bloqueada</item><item name="ID_SEARCHING">Buscando</item><item name="ID_INITING">Inicializando</item><item name="ID_PASSED">Operación exitosa</item><item name="ID_FAILED">Operación no exitosa</item><item name="ID_LOW_POWER">Batería baja</item><item name="ID_CONNECTING">Conectando</item><item name="ID_CONNECTED">Connected</item><item name="ID_DISCONNECTED">Disconected</item><item name="ID_ROMAING">En roaming! Habilite el roaming de datos en el menú.</item><item name="ID_SSID">SSID:</item><item name="ID_WIFIKEY">PWD:</item><item name="ID_SMS_ONLY">SMS only</item><item name="ID_LIMITED_NETWORK">Limited Service</item><item name="ID_TEMP_HIGH">Recalentamiento</item><item name="ID_TEMP_LOW">Temp demasiado baja</item><item name="ID_WIFIOFFLOAD_UP">Internet por Wi-Fi activada</item><item name="ID_WIFIOFFLOAD_DOWN">Internet por Wi-Fi desactivada</item><item name="ID_DO_MAIN">página de inicio:</item><item name="ID_IP_ADDRESS">IP:</item><item name="ID_DOWNLOADING"></item><item name="ID_UPDATE_SUCCESS"></item><item name="ID_R_UPDATE_FAIL"></item><item name="ID_UPDATE_FAIL"></item><item name="ID_LB_UPDATE_FAIL"></item><item name="ID_D_DISALBE"></item><item name="ID_R_INSTALL"></item><item name="ID_SWITCH_INTELMODE">Internet WLAN activada</item><item name="ID_WIFI_EXTENDOR_ON">Extensión de Wi-Fi activada</item><item name="ID_SOFTWARE_VERSION">Ver:</item><item name="ID_NEW_SOFTWARE">Software nuevo</item><item name="ID_AIRPLANE_MODE">Desactivar red</item><item name="ID_AIRPLANE_OK">Aceptar</item><item name="ID_NEW_UPDATE">Actualizar</item><item name="ID_CANCEL">Cancelar</item><item name="ID_EXCHARGE_TMP_HIGHT">Sobrecalentamiento. Carga detenida.</item><item name="ID_WIFI_WAKEUP">Saliendo del modo de suspensión.</item><item name="ID_ITEM_TXT_INFOMATION_TITLE">Info disp</item><item name="ID_ITEM_TXT_OFFLOAD_TITLE">Internet WLAN</item><item name="ID_ITEM_TXT_WIFI_EXTENDOR_TITLE">Extensión Wi-Fi</item><item name="ID_ITEM_TXT_WIFIBAND_TITLE">Banda Wi-Fi</item><item name="ID_ITEM_TXT_WIFI5G_TITLE">5GHz</item><item name="ID_ITEM_TXT_WIFI2G_TITLE">2.4GHz</item><item name="ID_ITEM_TXT_INFO_DETAIL_CONTENT">details</item><item name="ID_ITEM_TXT_QR_TITLE">Clave Wi-Fi</item><item name="ID_ITEM_TXT_URL_QR_TITLE">Huawei HiLink</item><item name="ID_ITEM_TXT_2D_BARCODE_TITLE">Código QR</item><item name="ID_ITEM_TXT_ROAM_CONNECT_TITLE">Roaming</item><item name="ID_ITEM_TXT_FAST_BOOT_TITLE">Arranque ráp</item><item name="ID_MENU_TXT_WPS_TITLE">WPS</item><item name="ID_ITEM_TXT_SMS_TITLE">Mensajes</item><item name="ID_ITEM_TXT_SMS_CONTENT_HELP">Para obtener más información, acceda a la IU web.</item><item name="ID_ITEM_TXT_NEXT_TITLE">Próx</item><item name="ID_ITEM_TXT_OK_TITLE">OK</item><item name="ID_ITEM_TXT_BACK_TITLE">Volver</item><item name="ID_ITEM_TXT_SMS_CONTENT_EMPTY">Bandeja de entrada de SMS vacía.</item><item name="ID_WIFI_FREQUENCE_CHANGE">No se puede conectar a disp solo 2.4 GHz.</item><item name="ID_NEXT_CHOICE">Próx</item><item name="ID_OK_CHOICE">OK</item><item name="ID_TURN_OFF_CHOICE">Desactivar</item><item name="ID_IGNOR_CHOICE">Ignorar</item><item name="ID_CRADLE_PROMOTE">Ethernet</item><item name="ID_ITEM_TXT_SMS_REPORT">Reporte de SMS</item><item name="ID_ITEM_TXT_SMS_COLON">:</item><item name="ID_ITEM_TXT_SMS_SUCCESS">Éxito.</item><item name="ID_ITEM_TXT_SMS_FAILED">Operación no exitosa.</item><item name="ID_INSERT_SIM_RESTART">Inserte SIM y reinicie</item><item name="ID_NO_MENU_ROMAING">En roaming! Conéctese desde la Web.</item><item name="ID_ITEM_TXT_SIM_DETAIL">No hay SIM. Banda Wi-Fi predet: 2.4 GHz.</item><item name="ID_ITEM_TXT_ROAM_DETAIL">En roaming. Banda Wi-Fi predet: 2.4 GHz.</item><item name="ID_ITEM_TXT_PUK_DETAIL">PUK bloq. Banda Wi-Fi predet: 2.4 GHz.</item><item name="ID_DOUBLE_SSID_5G">La función SSID dual está habilitada y la banda Wi-Fi de 5 GHz no está disponible.</item><item name="ID_EXCHARGE_LOW_BATTERY">Batería baja. No alimentar a otros dispositivos.</item><item name="ID_DFS_CHECKING">Verificando disponibilidad de Wi-Fi...</item><item name="ID_WIFI_5G_SWITCH_TIPS">Acceden disp que soportan 5 GHz.</item><item name="ID_WPS">WPS</item><item name="ID_UPDATE_AUTOUPDATE_TIPS">Actualización automática habilitada.</item></language></config>