﻿<?xml version="1.0" encoding="utf-8"?><config> <language><item name="ID_NOSERVICE">Aucun réseau</item><item name="ID_INSERT_SIM">Insérer la carte SIM</item><item name="ID_INVALID_SIM">Carte SIM non valide</item><item name="ID_LOCK_SIM">Verrouillé</item><item name="ID_SIM_PIN">Saisir le code PIN</item><item name="ID_SIM_PUK">SIM Bloqué</item><item name="ID_SEARCHING">Recherche en cours</item><item name="ID_INITING">Initialisation en cours</item><item name="ID_PASSED">Réussi</item><item name="ID_FAILED">échec</item><item name="ID_LOW_POWER">Batterie faible</item><item name="ID_CONNECTING">Connexion en cours</item><item name="ID_CONNECTED">Connected</item><item name="ID_DISCONNECTED">Disconected</item><item name="ID_ROMAING">Itinérance! Veuillez activer l'itinérance des données dans le menu.</item><item name="ID_SSID">SSID:</item><item name="ID_WIFIKEY">PWD:</item><item name="ID_SMS_ONLY">SMS only</item><item name="ID_LIMITED_NETWORK">Limited Service</item><item name="ID_TEMP_HIGH">Surchauffe</item><item name="ID_TEMP_LOW">Température trop faible</item><item name="ID_WIFIOFFLOAD_UP">WIFI Internet activé</item><item name="ID_WIFIOFFLOAD_DOWN">WIFI Internet désactivé</item><item name="ID_DO_MAIN">Page d'accueil:</item><item name="ID_IP_ADDRESS">IP:</item><item name="ID_DOWNLOADING"></item><item name="ID_UPDATE_SUCCESS"></item><item name="ID_R_UPDATE_FAIL"></item><item name="ID_UPDATE_FAIL"></item><item name="ID_LB_UPDATE_FAIL"></item><item name="ID_D_DISALBE"></item><item name="ID_R_INSTALL"></item><item name="ID_SWITCH_INTELMODE">Internet WLAN activé</item><item name="ID_WIFI_EXTENDOR_ON">Wi-Fi Extender activé</item><item name="ID_SOFTWARE_VERSION">Ver:</item><item name="ID_NEW_SOFTWARE">Nouveau logiciel</item><item name="ID_AIRPLANE_MODE">Arrêt réseau</item><item name="ID_AIRPLANE_OK">OK</item><item name="ID_NEW_UPDATE">Mettre à jour</item><item name="ID_CANCEL">Annuler</item><item name="ID_EXCHARGE_TMP_HIGHT">Surchauffe. Charge interrompu.</item><item name="ID_WIFI_WAKEUP">Sortie de veille.</item><item name="ID_ITEM_TXT_INFOMATION_TITLE">Infos app.</item><item name="ID_ITEM_TXT_OFFLOAD_TITLE">WLAN Internet</item><item name="ID_ITEM_TXT_WIFI_EXTENDOR_TITLE">Wi-Fi Extender</item><item name="ID_ITEM_TXT_WIFIBAND_TITLE">Bande Wi-Fi</item><item name="ID_ITEM_TXT_WIFI5G_TITLE">5GHz</item><item name="ID_ITEM_TXT_WIFI2G_TITLE">2.4GHz</item><item name="ID_ITEM_TXT_INFO_DETAIL_CONTENT">details</item><item name="ID_ITEM_TXT_QR_TITLE">MDP Wi-Fi</item><item name="ID_ITEM_TXT_URL_QR_TITLE">Huawei HiLink</item><item name="ID_ITEM_TXT_2D_BARCODE_TITLE">Code QR</item><item name="ID_ITEM_TXT_ROAM_CONNECT_TITLE">Itinérance</item><item name="ID_ITEM_TXT_FAST_BOOT_TITLE">Dém. rapide</item><item name="ID_MENU_TXT_WPS_TITLE">WPS</item><item name="ID_ITEM_TXT_SMS_TITLE">Messages</item><item name="ID_ITEM_TXT_SMS_CONTENT_HELP">Pour en savoir plus, reportez-vous à l'interface en ligne.</item><item name="ID_ITEM_TXT_NEXT_TITLE">Suivant</item><item name="ID_ITEM_TXT_OK_TITLE">OK</item><item name="ID_ITEM_TXT_BACK_TITLE">Retour</item><item name="ID_ITEM_TXT_SMS_CONTENT_EMPTY">La boîte de réception de SMS est vide.</item><item name="ID_WIFI_FREQUENCE_CHANGE">Connexion app. 2.4 GHz-exclu impossible.</item><item name="ID_NEXT_CHOICE">Suivant</item><item name="ID_OK_CHOICE">OK</item><item name="ID_TURN_OFF_CHOICE">Désactiver</item><item name="ID_IGNOR_CHOICE">Ignorer</item><item name="ID_CRADLE_PROMOTE">Ethernet</item><item name="ID_ITEM_TXT_SMS_REPORT">Rapport SMS</item><item name="ID_ITEM_TXT_SMS_COLON">:</item><item name="ID_ITEM_TXT_SMS_SUCCESS">Succès.</item><item name="ID_ITEM_TXT_SMS_FAILED">Échec.</item><item name="ID_INSERT_SIM_RESTART">Insérer SIM et redémar</item><item name="ID_NO_MENU_ROMAING">Itinérance! Connectez-vous en ligne.</item><item name="ID_ITEM_TXT_SIM_DETAIL">Aucune carte SIM. Bande Wi-Fi par déf. à 2,4 GHz.</item><item name="ID_ITEM_TXT_ROAM_DETAIL">Itinérance. Bande Wi-Fi par déf. à 2,4 GHz.</item><item name="ID_ITEM_TXT_PUK_DETAIL">Verrouillage PUK. Bande Wi-Fi par déf. à 2,4 GHz.</item><item name="ID_DOUBLE_SSID_5G">La fonction de double SSID est activée et la bande Wi-Fi 5 GHz n'est pas disponible.</item><item name="ID_EXCHARGE_LOW_BATTERY">Batt. faible. Arrêter d'aliment. autres appareils.</item><item name="ID_DFS_CHECKING">Vérif disponibilité Wi-Fi...</item><item name="ID_WIFI_5G_SWITCH_TIPS">Appareils à 5 GHz peuvent accéder.</item><item name="ID_WPS">WPS</item><item name="ID_UPDATE_AUTOUPDATE_TIPS">Mise à jour auto activée.</item></language></config>