﻿<?xml version="1.0" encoding="utf-8"?><config> <language><item name="ID_NOSERVICE">无服务</item><item name="ID_INSERT_SIM">插入SIM</item><item name="ID_INVALID_SIM">无效SIM</item><item name="ID_LOCK_SIM">SIM锁定</item><item name="ID_SIM_PIN">PIN锁定</item><item name="ID_SIM_PUK">PUK锁定</item><item name="ID_SEARCHING">搜网中</item><item name="ID_INITING">初始化</item><item name="ID_PASSED">通过</item><item name="ID_FAILED">失败</item><item name="ID_LOW_POWER">电量低</item><item name="ID_CONNECTING">连接中</item><item name="ID_CONNECTED">连接成功</item><item name="ID_DISCONNECTED">连接关闭</item><item name="ID_ROMAING">漫游! 请通过菜单开启数据漫游.</item><item name="ID_SSID">SSID:</item><item name="ID_WIFIKEY">PWD:</item><item name="ID_SMS_ONLY">SMS only</item><item name="ID_LIMITED_NETWORK">Limited Service</item><item name="ID_TEMP_HIGH">温度过高</item><item name="ID_TEMP_LOW">温度过低</item><item name="ID_WIFIOFFLOAD_UP">互联网WiFi开启</item><item name="ID_WIFIOFFLOAD_DOWN">互联网WiFi关闭</item><item name="ID_DO_MAIN">主页:</item><item name="ID_IP_ADDRESS">IP:</item><item name="ID_DOWNLOADING">下载中</item><item name="ID_UPDATE_SUCCESS">升级成功</item><item name="ID_R_UPDATE_FAIL">漫游中,升级失败</item><item name="ID_UPDATE_FAIL">升级失败</item><item name="ID_LB_UPDATE_FAIL">电量低,升级失败</item><item name="ID_D_DISALBE">下载中,连接失效</item><item name="ID_R_INSTALL">重启安装</item><item name="ID_SWITCH_INTELMODE">互联网WLAN开启</item><item name="ID_WIFI_EXTENDOR_ON">Wi-Fi扩展开启</item><item name="ID_SOFTWARE_VERSION">Ver:</item><item name="ID_NEW_SOFTWARE">新版本</item><item name="ID_AIRPLANE_MODE">关闭网络</item><item name="ID_AIRPLANE_OK">确定</item><item name="ID_NEW_UPDATE">更新</item><item name="ID_CANCEL">取消</item><item name="ID_EXCHARGE_TMP_HIGHT">过温,充电停止</item><item name="ID_WIFI_WAKEUP">正在退出休眠状态</item><item name="ID_ITEM_TXT_INFOMATION_TITLE">设备信息</item><item name="ID_ITEM_TXT_OFFLOAD_TITLE">互联网WLAN</item><item name="ID_ITEM_TXT_WIFI_EXTENDOR_TITLE">Wi-Fi扩展</item><item name="ID_ITEM_TXT_WIFIBAND_TITLE">Wi-Fi频段</item><item name="ID_ITEM_TXT_WIFI5G_TITLE">5GHz</item><item name="ID_ITEM_TXT_WIFI2G_TITLE">2.4GHz</item><item name="ID_ITEM_TXT_INFO_DETAIL_CONTENT">details</item><item name="ID_ITEM_TXT_QR_TITLE">Wi-Fi密码</item><item name="ID_ITEM_TXT_URL_QR_TITLE">Huawei HiLink</item><item name="ID_ITEM_TXT_2D_BARCODE_TITLE">扫一扫</item><item name="ID_ITEM_TXT_ROAM_CONNECT_TITLE">数据漫游</item><item name="ID_ITEM_TXT_FAST_BOOT_TITLE">快速开机</item><item name="ID_MENU_TXT_WPS_TITLE">WPS</item><item name="ID_ITEM_TXT_SMS_TITLE">短信</item><item name="ID_ITEM_TXT_SMS_CONTENT_HELP">如需查看更多短信，请通过Web页面查看。</item><item name="ID_ITEM_TXT_NEXT_TITLE">下一个</item><item name="ID_ITEM_TXT_OK_TITLE">OK</item><item name="ID_ITEM_TXT_BACK_TITLE">返回</item><item name="ID_ITEM_TXT_SMS_CONTENT_EMPTY">短信收件箱为空。</item><item name="ID_WIFI_FREQUENCE_CHANGE">仅支持2.4G的设备不能连接.</item><item name="ID_NEXT_CHOICE">下一个</item><item name="ID_OK_CHOICE">OK</item><item name="ID_TURN_OFF_CHOICE">关闭</item><item name="ID_IGNOR_CHOICE">忽略</item><item name="ID_CRADLE_PROMOTE">以太网</item><item name="ID_ITEM_TXT_SMS_REPORT">SMS 报告</item><item name="ID_ITEM_TXT_SMS_COLON">：</item><item name="ID_ITEM_TXT_SMS_SUCCESS">成功。</item><item name="ID_ITEM_TXT_SMS_FAILED">失败。</item><item name="ID_INSERT_SIM_RESTART">请插SIM卡后重启设备.</item><item name="ID_NO_MENU_ROMAING">漫游!请打开浏览器完成连接.</item><item name="ID_ITEM_TXT_SIM_DETAIL">无SIM卡,Wi-Fi频带将设置为2.4GHz.</item><item name="ID_ITEM_TXT_ROAM_DETAIL">漫游中,Wi-Fi频带将设置为2.4GHz.</item><item name="ID_ITEM_TXT_PUK_DETAIL">PUK锁定,Wi-Fi频带将设置为2.4GHz.</item><item name="ID_DOUBLE_SSID_5G">双ssid功能开启,5G功能不可用.</item><item name="ID_EXCHARGE_LOW_BATTERY">电量低,停止对外充电.</item><item name="ID_DFS_CHECKING">Wi-Fi可用性检测...</item><item name="ID_WIFI_5G_SWITCH_TIPS">设备支持5G时可接入</item><item name="ID_WPS">WPS</item><item name="ID_UPDATE_AUTOUPDATE_TIPS">当前自动升级开启</item></language></config>