﻿<?xml version="1.0" encoding="utf-8"?><config> <language><item name="ID_NOSERVICE">No Service</item><item name="ID_INSERT_SIM">Insert SIM</item><item name="ID_INVALID_SIM">Invalid SIM</item><item name="ID_LOCK_SIM">SIM Lock</item><item name="ID_SIM_PIN">Enter PIN</item><item name="ID_SIM_PUK">Enter PUK</item><item name="ID_SEARCHING">Searching</item><item name="ID_INITING">Initializing</item><item name="ID_PASSED">Passed</item><item name="ID_FAILED">Failed</item><item name="ID_LOW_POWER">Low Battery</item><item name="ID_CONNECTING">Connecting</item><item name="ID_CONNECTED">Connected</item><item name="ID_DISCONNECTED">Disconnected</item><item name="ID_ROMAING">Roaming! Please enable data roaming from the menu.</item><item name="ID_SSID">SSID:</item><item name="ID_WIFIKEY">PWD:</item><item name="ID_SMS_ONLY">SMS only</item><item name="ID_LIMITED_NETWORK">Limited Service</item><item name="ID_TEMP_HIGH">Over-heated</item><item name="ID_TEMP_LOW">Temp. Too Low</item><item name="ID_WIFIOFFLOAD_UP">Internet WiFi on</item><item name="ID_WIFIOFFLOAD_DOWN">Internet WiFi off</item><item name="ID_DO_MAIN">Homepage:</item><item name="ID_IP_ADDRESS">IP:</item><item name="ID_DOWNLOADING">Downloading</item><item name="ID_UPDATE_SUCCESS">Update succeeded</item><item name="ID_R_UPDATE_FAIL">Roaming. Update failed</item><item name="ID_UPDATE_FAIL">Update failed</item><item name="ID_LB_UPDATE_FAIL">Low battery. Update failed</item><item name="ID_D_DISALBE">Downloading. Data communication disable</item><item name="ID_R_INSTALL">Restart</item><item name="ID_SWITCH_INTELMODE">Internet WLAN on</item><item name="ID_WIFI_EXTENDOR_ON">Wi-Fi extender on</item><item name="ID_SOFTWARE_VERSION">Ver:</item><item name="ID_NEW_SOFTWARE">New software</item><item name="ID_AIRPLANE_MODE">Turn off network</item><item name="ID_AIRPLANE_OK">OK</item><item name="ID_NEW_UPDATE">Update</item><item name="ID_CANCEL">Cancel</item><item name="ID_EXCHARGE_TMP_HIGHT">Overheating. Charging stopped</item><item name="ID_WIFI_WAKEUP">Exiting sleep mode.</item><item name="ID_ITEM_TXT_INFOMATION_TITLE">Device Info</item><item name="ID_ITEM_TXT_OFFLOAD_TITLE">Internet WLAN</item><item name="ID_ITEM_TXT_WIFI_EXTENDOR_TITLE">Wi-Fi extender</item><item name="ID_ITEM_TXT_WIFIBAND_TITLE">Wi-Fi band</item><item name="ID_ITEM_TXT_WIFI5G_TITLE">5GHz</item><item name="ID_ITEM_TXT_WIFI2G_TITLE">2.4GHz</item><item name="ID_ITEM_TXT_INFO_DETAIL_CONTENT">details</item><item name="ID_ITEM_TXT_QR_TITLE">Wi-Fi key</item><item name="ID_ITEM_TXT_URL_QR_TITLE">Huawei HiLink</item><item name="ID_ITEM_TXT_2D_BARCODE_TITLE">2D Barcode</item><item name="ID_ITEM_TXT_ROAM_CONNECT_TITLE">Data roaming</item><item name="ID_ITEM_TXT_FAST_BOOT_TITLE">Fast boot</item><item name="ID_MENU_TXT_WPS_TITLE">WPS</item><item name="ID_ITEM_TXT_SMS_TITLE">Messages</item><item name="ID_ITEM_TXT_SMS_CONTENT_HELP">For more information, go to the web UI.</item><item name="ID_ITEM_TXT_NEXT_TITLE">Next</item><item name="ID_ITEM_TXT_OK_TITLE">OK</item><item name="ID_ITEM_TXT_BACK_TITLE">Back</item><item name="ID_ITEM_TXT_SMS_CONTENT_EMPTY">SMS inbox is empty.</item><item name="ID_WIFI_FREQUENCE_CHANGE">Cannot connect to 2.4 GHz-only devices.</item><item name="ID_NEXT_CHOICE">Next</item><item name="ID_OK_CHOICE">OK</item><item name="ID_TURN_OFF_CHOICE">Turn off</item><item name="ID_IGNOR_CHOICE">Ignore</item><item name="ID_CRADLE_PROMOTE">Ethernet</item><item name="ID_ITEM_TXT_SMS_REPORT">SMS report</item><item name="ID_ITEM_TXT_SMS_COLON">:</item><item name="ID_ITEM_TXT_SMS_SUCCESS">Success.</item><item name="ID_ITEM_TXT_SMS_FAILED">Failed.</item><item name="ID_INSERT_SIM_RESTART">Insert SIM and restart</item><item name="ID_NO_MENU_ROMAING">Roaming! Please connect from Web.</item><item name="ID_ITEM_TXT_SIM_DETAIL">No SIM card.Wi-Fi band will be 2.4GHz defaultly.</item><item name="ID_ITEM_TXT_ROAM_DETAIL">Roaming.Wi-Fi band will be 2.4GHz defaultly.</item><item name="ID_ITEM_TXT_PUK_DETAIL">PUK locked.Wi-Fi band will be 2.4GHz defaultly.</item><item name="ID_DOUBLE_SSID_5G">Dual SSID function is enabled, and 5 GHz Wi-Fi band is unavailable.</item><item name="ID_EXCHARGE_LOW_BATTERY">Low battery. Stop supplying power to devices.</item><item name="ID_DFS_CHECKING">Checking Wi-Fi availability...</item><item name="ID_WIFI_5G_SWITCH_TIPS">5 GHz capable devices can access.</item><item name="ID_WPS">WPS</item><item name="ID_UPDATE_AUTOUPDATE_TIPS">Auto update enabled.</item></language></config>