﻿<?xml version="1.0" encoding="utf-8"?><config> <language><item name="ID_NOSERVICE">Nenhuma rede</item><item name="ID_INSERT_SIM">Inserir SIM</item><item name="ID_INVALID_SIM">SIM inválido</item><item name="ID_LOCK_SIM">Bloqueado</item><item name="ID_SIM_PIN">Introduzir PIN</item><item name="ID_SIM_PUK">SIM bloqueado</item><item name="ID_SEARCHING">A procurar</item><item name="ID_INITING">A inicializar</item><item name="ID_PASSED">Passou</item><item name="ID_FAILED">Falhou</item><item name="ID_LOW_POWER">Bateria fraca</item><item name="ID_CONNECTING">A ligar</item><item name="ID_CONNECTED">Connected</item><item name="ID_DISCONNECTED">Disconected</item><item name="ID_ROMAING">Roaming! Active os roaming de dados a partir do menu.</item><item name="ID_SSID">SSID:</item><item name="ID_WIFIKEY">PWD:</item><item name="ID_SMS_ONLY">SMS only</item><item name="ID_LIMITED_NETWORK">Limited Service</item><item name="ID_TEMP_HIGH">Sobreaquecimento</item><item name="ID_TEMP_LOW">Temp. demasiado baixa</item><item name="ID_WIFIOFFLOAD_UP">Internet Wi-Fi ligada</item><item name="ID_WIFIOFFLOAD_DOWN">Internet Wi-Fi desligada</item><item name="ID_DO_MAIN">Página inicial:</item><item name="ID_IP_ADDRESS">IP:</item><item name="ID_DOWNLOADING"></item><item name="ID_UPDATE_SUCCESS"></item><item name="ID_R_UPDATE_FAIL"></item><item name="ID_UPDATE_FAIL"></item><item name="ID_LB_UPDATE_FAIL"></item><item name="ID_D_DISALBE"></item><item name="ID_R_INSTALL"></item><item name="ID_SWITCH_INTELMODE">WLAN via Internet ligada</item><item name="ID_WIFI_EXTENDOR_ON">Extensor Wi-Fi ligado</item><item name="ID_SOFTWARE_VERSION">Ver:</item><item name="ID_NEW_SOFTWARE">Novo software</item><item name="ID_AIRPLANE_MODE">Desligar rede</item><item name="ID_AIRPLANE_OK">OK</item><item name="ID_NEW_UPDATE">Actualizar</item><item name="ID_CANCEL">Cancelar</item><item name="ID_EXCHARGE_TMP_HIGHT">Sobreaquecimento. Carreg interrompido.</item><item name="ID_WIFI_WAKEUP">A sair do modo de suspensão.</item><item name="ID_ITEM_TXT_INFOMATION_TITLE">Infor. dispos</item><item name="ID_ITEM_TXT_OFFLOAD_TITLE">Internet WLAN</item><item name="ID_ITEM_TXT_WIFI_EXTENDOR_TITLE">Extensor Wi-Fi</item><item name="ID_ITEM_TXT_WIFIBAND_TITLE">Banda Wi-Fi</item><item name="ID_ITEM_TXT_WIFI5G_TITLE">5GHz</item><item name="ID_ITEM_TXT_WIFI2G_TITLE">2.4GHz</item><item name="ID_ITEM_TXT_INFO_DETAIL_CONTENT">details</item><item name="ID_ITEM_TXT_QR_TITLE">Senha Wi-Fi</item><item name="ID_ITEM_TXT_URL_QR_TITLE">Huawei HiLink</item><item name="ID_ITEM_TXT_2D_BARCODE_TITLE">Código QR</item><item name="ID_ITEM_TXT_ROAM_CONNECT_TITLE">Roam. dados</item><item name="ID_ITEM_TXT_FAST_BOOT_TITLE">Arranque rápido</item><item name="ID_MENU_TXT_WPS_TITLE">WPS</item><item name="ID_ITEM_TXT_SMS_TITLE">Mensagens</item><item name="ID_ITEM_TXT_SMS_CONTENT_HELP">Para mais informações, ir para página da IU.</item><item name="ID_ITEM_TXT_NEXT_TITLE">Seguinte</item><item name="ID_ITEM_TXT_OK_TITLE">OK</item><item name="ID_ITEM_TXT_BACK_TITLE">Anterior</item><item name="ID_ITEM_TXT_SMS_CONTENT_EMPTY">Caixa de entrada de SMS está vazia.</item><item name="ID_WIFI_FREQUENCE_CHANGE">Não é possível ligar a dispositivos 2.4 GHz.</item><item name="ID_NEXT_CHOICE">Seguinte</item><item name="ID_OK_CHOICE">OK</item><item name="ID_TURN_OFF_CHOICE">Desligar</item><item name="ID_IGNOR_CHOICE">Ignorar</item><item name="ID_CRADLE_PROMOTE">Ethernet</item><item name="ID_ITEM_TXT_SMS_REPORT">Relatório de SMS</item><item name="ID_ITEM_TXT_SMS_COLON">:</item><item name="ID_ITEM_TXT_SMS_SUCCESS">Sucesso.</item><item name="ID_ITEM_TXT_SMS_FAILED">Falha.</item><item name="ID_INSERT_SIM_RESTART">Insira o SIM e reinicie</item><item name="ID_NO_MENU_ROMAING">Roaming! Ligue a partir da Web.</item><item name="ID_ITEM_TXT_SIM_DETAIL">Sem cartão SIM. A banda Wi-Fi será predefinida para 2.4 GHz.</item><item name="ID_ITEM_TXT_ROAM_DETAIL">Roaming. A banda Wi-Fi será predefinida para 2.4 GHz.</item><item name="ID_ITEM_TXT_PUK_DETAIL">PUK bloqueado. A banda Wi-Fi será predefinida para 2.4 GHz.</item><item name="ID_DOUBLE_SSID_5G">A função SSID duplo está activada e a banda 5 GHz Wi-Fi está indisponível.</item><item name="ID_EXCHARGE_LOW_BATTERY">Baixo consumo de energia. Não forneça mais energia.</item><item name="ID_DFS_CHECKING">A verificar disponibilidade Wi-Fi...</item><item name="ID_WIFI_5G_SWITCH_TIPS">Dispositivos de 5GHz podem aceder.</item><item name="ID_WPS">WPS</item><item name="ID_UPDATE_AUTOUPDATE_TIPS">Atualização automát. ativada.</item></language></config>