<?xml version="1.0" encoding="utf-8" ?>
<response>
  <!--where 0: null ,1: SDTOUT,2:file ,4: SDT ,8：LOGCAT ,16: QXDM 默认不打印log-->
  <Where>0</Where>
  <!--Size 单位为KB，默认为1000KB，此值依赖log所在分区大小-->
  <Size>1000</Size>
  <Modules>
    <Module>
      <name>ats</name>
      <desc>AT Server</desc>
      <mask>0</mask>
      <file></file>
    </Module>
    <Module>
      <name>dialup</name>
      <desc>Dialup</desc>
      <mask>0</mask>
      <file></file>
    </Module>
	<Module>
      <name>pdp</name>
      <desc>Pdp</desc>
      <mask>0</mask>
      <file></file>
    </Module>
    <Module>
      <name>m2mapi</name>
      <desc>M2mapi</desc>
      <mask>0</mask>
      <file></file>
    </Module>    
    <Module>
      <name>osa</name>
      <desc>OS Adapter</desc>
      <mask>0</mask>
      <file></file>
    </Module>
    <Module>
      <name>sms</name>
      <desc>SMS</desc>
      <mask>0</mask>
      <file></file>
    </Module>
    <Module>
      <name>webserver</name>
      <desc>Web Server</desc>
      <mask>0</mask>
      <file></file>
    </Module>
     <Module>
      <name>device</name>
      <desc>Device</desc>
      <mask>0</mask>
      <file></file>
    </Module>
    <Module>
      <name>host</name>
      <desc>Host</desc>
      <mask>0</mask>
      <file></file>
    </Module>
    <Module>
      <name>statistic</name>
      <desc>Statistic</desc>
      <mask>0</mask>
      <file></file>
    </Module>
    <Module>
      <name>status</name>
      <desc>Status</desc>
      <mask>0</mask>
      <file></file>
    </Module>
    <Module>
      <name>ussd</name>
      <desc>USSD</desc>
      <mask>0</mask>
      <file></file>
    </Module>
    <Module>
      <name>filemgr</name>
      <desc>Filemgr</desc>
      <mask>0</mask>
      <file></file>
    </Module>
    <Module>
      <name>global</name>
      <desc>Global</desc>
      <mask>0</mask>
      <file></file>
    </Module>
    <Module>
      <name>net</name>
      <desc>Net</desc>
      <mask>0</mask>
      <file></file>
    </Module>
    <Module>
      <name>bbou</name>
      <desc>BBOU</desc>
      <mask>0</mask>
      <file></file>
    </Module>
    <Module>
      <name>pb</name>
      <desc>PB</desc>
      <mask>0</mask>
      <file></file>
    </Module>
    <Module>
      <name>gpio</name>
      <desc>GPIO</desc>
      <mask>0</mask>
      <file></file>
    </Module>
    <Module>
      <name>redirection</name>
      <desc>Redirection</desc>
      <mask>0</mask>
      <file></file>
    </Module>
    <Module>
      <name>notify_server</name>
      <desc>notify_server</desc>
      <mask>0</mask>
      <file></file>
    </Module>
    <Module>
      <name>notify_client</name>
      <desc>notify_client</desc>
      <mask>0</mask>
      <file></file>
    </Module>
    <Module>
      <name>lan</name>
      <desc>Lan</desc>
      <mask>0</mask>
      <file></file>
    </Module>
    <Module>
      <name>WAN</name>
      <desc>Wan</desc>
      <mask>0</mask>
      <file></file>
    </Module>
    <Module>
      <name>firewall</name>
      <desc>Firewall</desc>
      <mask>0</mask>
      <file></file>
    </Module>
    <Module>
      <name>upnp</name>
      <desc>uPnP</desc>
      <mask>0</mask>
      <file></file>
    </Module>
    <Module>
      <name>websd</name>
      <desc>web sd</desc>
      <mask>0</mask>
      <file></file>
    </Module>
    <Module>
      <name>WiFi</name>
      <desc>Wi-Fi</desc>
      <mask>0</mask>
      <file></file>
    </Module>
    <Module>
      <name>LED</name>
      <desc>LED</desc>
      <mask>0</mask>
      <file></file>
    </Module>
    <Module>
      <name>syswatch</name>
      <desc>syswatch</desc>
      <mask>0</mask>
      <file></file>
    </Module>
    <Module>
      <name>sysguard</name>
      <desc>sysguard</desc>
      <mask>0</mask>
      <file></file>
    </Module>
    <Module>
      <name>lcd</name>
      <desc>lcd</desc>
      <mask>0</mask>
      <file></file>
    </Module>
    <Module>
      <name>cradle</name>
      <desc>Cradle</desc>
      <mask>0</mask>
      <file></file>
    </Module>
    <Module>
      <name>wimax</name>
      <desc>WiMAX</desc>
      <mask>0</mask>
      <file></file>
    </Module>
	<Module>
      <name>cwmp</name>
      <desc>cwmp</desc>
      <mask>0</mask>
      <file></file>
    </Module>
    <Module>
      <name>voice</name>
      <desc>voice</desc>
      <mask>0</mask>
      <file></file>
    </Module>
    <Module>
      <name>vsim</name>
      <desc>VSIM</desc>
      <mask>0</mask>
      <file></file>
    </Module>
    <Module>
      <name>default</name>
      <desc>The others</desc>
      <mask>0</mask>
      <file></file>
    </Module>
  </Modules>
</response>
