﻿<?xml version="1.0" encoding="UTF-8"?>
<config>
    <languages>
        <!-- UI显示的语言列表 -->
        <language>en-us</language>
        <language>zh-cn</language>
        <language>fr-fr</language>
        <language>de-de</language>
        <language>es-es</language>
        <language>it-it</language>
        <language>ru-ru</language>
        <language>pt-pt</language>
        <language>pt-br</language>
        <language>es-ar</language>
        <language>ar-sa</language>
        <language>bg-bg</language>
        <language>cs-cz</language>
        <language>da-dk</language>
        <language>el-gr</language>
        <language>et-ee</language>
        <language>fa-fa</language>
        <language>fi-fi</language>
        <language>he-il</language>
        <language>hr-hr</language>
        <language>hu-hu</language>
        <language>id-id</language>
        <language>ja-jp</language>
        <language>ko-kr</language>
        <language>lt-lt</language>
        <language>lv-lv</language>
        <language>mk-mk</language>
        <language>mt-mt</language>
        <language>nl-nl</language>
        <language>no-no</language>
        <language>pl-pl</language>
        <language>ro-ro</language>
        <language>sk-sk</language>
        <language>sl-sl</language>
        <language>sq-al</language>
        <language>sr-cs</language>
        <language>sv-se</language>
        <language>tr-tr</language>
        <language>uk-ua</language>
        <language>vi-vn</language>
        <language>zh-hk</language>
        <language>zh-tw</language>
    </languages>
    <privacy_policy_url>
        <default_url>http://consumer.huawei.com/en/privacy-policy/index.htm</default_url>
        <en_us>http://consumer.huawei.com/en/privacy-policy/index.htm</en_us>        
        <zh_cn>http://consumer.huawei.com/cn/privacy-policy/index.htm</zh_cn>
        <ar_sa>http://consumer.huawei.com/ae/privacy-policy/index.htm</ar_sa>
        <pt_br>http://consumer.huawei.com/br/privacy-policy/index.htm</pt_br>
        <bg_bg>http://consumer.huawei.com/en/privacy-policy/index.htm?languagetag=bg</bg_bg>
        <hr_hr>http://consumer.huawei.com/hr/privacy-policy/index.htm</hr_hr>
        <cs_cz>http://consumer.huawei.com/cz/privacy-policy/index.htm</cs_cz>
        <da_dk>http://consumer.huawei.com/dk/privacy-policy/index.htm</da_dk>
        <nl_nl>http://consumer.huawei.com/en/privacy-policy/index.htm?languagetag=nl</nl_nl>
        <et_ee>http://consumer.huawei.com/en/privacy-policy/index.htm?languagetag=ee</et_ee>
        <fa_fa>http://consumer.huawei.com/en/privacy-policy/index.htm?languagetag=fs</fa_fa>
        <fi_fi>http://consumer.huawei.com/fi/privacy-policy/index.htm</fi_fi>
        <fr_fr>http://consumer.huawei.com/en/privacy-policy/index.htm?languagetag=fr</fr_fr>
        <de_de>http://consumer.huawei.com/en/privacy-policy/index.htm?languagetag=de</de_de>
        <el_gr>http://consumer.huawei.com/gr/privacy-policy/index.htm</el_gr>
        <hu_hu>http://consumer.huawei.com/hu/privacy-policy/index.htm</hu_hu>
        <he_il>http://consumer.huawei.com/en/privacy-policy/index.htm?lanugaetag=he</he_il>
        <id_id>http://consumer.huawei.com/en/privacy-policy/index.htm?lanugagetag=id</id_id>
        <it_it>http://consumer.huawei.com/en/privacy-policy/index.htm?languagetag=it</it_it>
        <ja_jp>http://consumer.huawei.com/jp/privacy-policy/index.htm</ja_jp>
        <ko_kr>http://consumer.huawei.com/kr/privacy-policy/index.htm</ko_kr>
        <lv_lv>http://consumer.huawei.com/en/privacy-policy/index.htm?languagetag=lv</lv_lv>
        <lt_lt>http://consumer.huawei.com/lt/privacy-policy/index.htm</lt_lt>
        <mk_mk>http://consumer.huawei.com/en/privacy-policy/index.htm?languagetag=mk</mk_mk>
        <no_no>http://consumer.huawei.com/no/privacy-policy/index.htm</no_no>
        <pl_pl>http://consumer.huawei.com/pl/privacy-policy/index.htm</pl_pl>
        <pt_pt>http://consumer.huawei.com/en/privacy-policy/index.htm?languagetag=pt</pt_pt>
        <ro_ro>http://consumer.huawei.com/ro/privacy-policy/index.htm</ro_ro>
        <ru_ru>http://consumer.huawei.com/ru/privacy-policy/index.htm</ru_ru>
        <sr_cs>http://consumer.huawei.com/rs/privacy-policy/index.htm</sr_cs>
        <sk_sk>http://consumer.huawei.com/sk/privacy-policy/index.htm</sk_sk>
        <sl_sl>http://consumer.huawei.com/en/privacy-policy/index.htm?languagetag=si</sl_sl>
        <es_es>http://consumer.huawei.com/en/privacy-policy/index.htm?languagetag=es</es_es>
        <es_ar>http://consumer.huawei.com/en/privacy-policy/index.htm?languagetag=sla</es_ar>
        <sv_se>http://consumer.huawei.com/se/privacy-policy/index.htm</sv_se>
        <zh_tw>http://consumer.huawei.com/tw/privacy-policy/index.htm</zh_tw>
        <zh_hk>http://consumer.huawei.com/hk/privacy-policy/index.htm</zh_hk>
        <tr_tr>http://consumer.huawei.com/tr/privacy-policy/index.htm</tr_tr>
        <uk_ua>http://consumer.huawei.com/en/privacy-policy/index.htm?languagetag=ua</uk_ua>
        <vi_vn>http://consumer.huawei.com/en/privacy-policy/index.htm?languagetag=vn</vi_vn>        
    </privacy_policy_url>
    
    <usermanual_language>
    	<default_language>en-us</default_language>
    	<support_language>
    		<language>en-us</language>        
        	<language>zh-cn</language>        
    	</support_language> 
    </usermanual_language>
</config>
    

